ngo_id,volunteer_id,teaching,cleaning,fundraising,marketing,cooking,distributing,collecting,NGO_task
7,1,0,1,1,1,0,1,0,6
10,2,0,0,0,0,1,0,1,6
9,3,1,1,0,1,0,1,1,3
10,4,0,1,0,0,1,1,1,3
9,5,1,0,0,0,0,0,0,1
8,6,1,1,0,1,1,1,0,4
9,7,1,1,0,1,1,0,1,4
9,8,0,0,0,1,1,1,0,3
1,9,0,0,0,1,1,1,1,1
5,10,0,0,0,0,1,0,1,1
6,11,0,0,0,1,1,0,1,7
3,12,0,0,1,1,0,0,0,4
1,13,0,0,1,0,0,1,1,7
3,14,0,1,1,1,0,0,0,6
4,15,1,1,0,1,0,1,0,1
8,16,1,0,1,0,1,1,0,6
3,17,1,1,0,0,0,0,0,5
9,18,0,0,1,1,0,1,0,5
10,19,0,1,1,0,1,0,0,5
2,20,1,0,0,0,1,1,1,7
10,21,1,1,0,0,1,0,0,3
7,22,1,0,0,1,1,1,1,2
7,23,1,0,1,1,0,0,0,6
6,24,1,1,1,1,1,0,0,3
5,25,1,1,1,1,1,0,0,6
2,26,1,0,1,0,1,1,1,4
1,27,1,1,0,0,1,0,1,6
7,28,0,1,0,0,0,1,1,5
7,29,1,0,1,0,1,1,1,6
6,30,1,0,0,1,1,0,1,3
10,31,1,0,1,0,1,1,0,6
1,32,1,1,1,0,0,1,1,3
1,33,0,1,0,1,0,0,1,7
5,34,0,0,1,1,1,0,0,7
8,35,1,1,0,0,0,0,0,3
5,36,0,1,0,0,1,0,0,3
10,37,0,1,1,1,1,0,1,2
9,38,0,1,0,1,1,0,1,6
9,39,0,0,1,1,1,0,0,4
10,40,1,0,1,1,0,0,0,7
8,41,0,1,1,1,0,0,0,7
7,42,1,1,0,0,0,1,1,2
7,43,1,1,1,0,0,1,0,4
6,44,0,1,1,1,0,1,0,5
7,45,0,0,1,1,1,1,0,2
4,46,0,1,1,0,0,0,1,7
5,47,0,0,0,0,1,1,1,4
9,48,1,1,0,1,0,0,0,7
8,49,0,1,0,0,0,0,0,5
1,50,0,0,1,0,0,1,0,5
10,51,1,1,0,1,0,0,0,4
4,52,0,0,0,1,1,0,0,2
3,53,1,0,0,0,1,0,0,6
9,54,1,0,1,1,0,1,1,3
10,55,1,1,1,1,1,1,1,3
4,56,1,1,1,0,1,0,0,4
3,57,1,1,0,0,1,0,0,5
4,58,0,0,1,1,1,0,1,7
1,59,0,0,1,0,1,0,0,1
10,60,1,0,0,1,0,1,0,5
4,61,0,0,1,1,1,1,0,1
6,62,1,0,1,1,0,0,1,7
7,63,1,0,0,1,1,1,1,3
9,64,1,0,1,0,1,0,0,7
5,65,1,1,1,1,1,1,1,6
5,66,0,0,1,0,0,1,0,7
10,67,0,0,1,0,0,0,1,7
10,68,1,1,0,1,1,1,1,5
1,69,1,1,0,1,1,1,1,4
4,70,0,1,0,1,1,0,1,4
4,71,1,1,1,0,1,1,0,4
4,72,1,0,0,0,1,1,0,4
10,73,0,0,0,0,0,0,0,3
6,74,0,0,1,0,1,1,0,5
6,75,1,1,1,1,1,0,1,1
10,76,0,0,0,0,1,0,1,2
3,77,0,0,1,1,1,0,1,6
7,78,1,0,0,1,0,1,0,1
8,79,1,1,1,1,1,1,1,4
5,80,0,1,1,0,0,0,0,7
3,81,1,0,0,0,0,1,0,6
5,82,0,1,0,0,0,1,0,7
9,83,0,1,1,0,1,0,1,1
3,84,1,0,0,1,0,0,0,2
5,85,1,1,0,1,1,1,1,1
10,86,1,0,0,0,0,0,0,6
2,87,1,0,1,0,0,0,1,5
7,88,0,0,0,1,1,1,1,5
2,89,1,0,0,0,0,0,1,1
2,90,1,1,0,1,0,1,1,5
6,91,0,0,1,1,1,1,1,7
9,92,0,0,0,1,1,1,1,6
9,93,1,0,1,0,1,1,0,4
10,94,0,1,0,1,0,0,1,3
8,95,1,1,0,0,0,0,0,5
5,96,0,0,1,0,1,1,1,5
3,97,1,0,0,1,1,1,0,7
9,98,0,1,1,0,0,0,0,3
1,99,0,0,1,1,1,0,1,7
9,100,0,1,1,1,0,0,0,4
2,101,1,0,0,0,0,1,0,2
7,102,1,1,1,1,0,0,0,7
5,103,0,1,1,0,1,0,1,6
5,104,0,1,0,0,0,0,0,5
4,105,0,0,1,1,1,1,1,5
7,106,0,0,0,1,1,0,0,3
6,107,1,1,0,1,1,1,0,1
9,108,1,1,0,0,0,0,0,5
4,109,0,0,1,1,0,0,1,7
3,110,1,1,0,0,0,0,0,6
5,111,1,1,0,1,0,1,0,4
5,112,1,1,1,0,1,0,0,2
8,113,1,1,1,1,1,1,1,4
9,114,0,0,0,1,1,1,0,3
8,115,1,1,0,1,1,1,0,3
10,116,1,0,0,1,1,1,1,6
1,117,1,1,0,0,0,0,0,3
9,118,0,0,0,0,0,1,0,2
7,119,1,0,1,1,0,0,1,1
2,120,1,0,0,1,0,0,0,7
1,121,0,0,0,0,0,0,1,7
1,122,1,0,1,1,0,1,0,5
2,123,1,0,1,1,1,0,1,5
3,124,1,1,0,1,0,1,0,5
7,125,1,0,0,0,1,0,0,1
10,126,0,0,1,0,1,0,1,7
6,127,1,0,0,1,0,0,1,7
4,128,1,1,1,0,0,1,1,7
3,129,0,1,0,0,0,1,0,1
10,130,1,1,0,0,1,1,0,4
10,131,1,0,0,0,0,1,0,2
5,132,0,0,0,1,1,0,1,3
3,133,0,0,1,1,0,1,1,7
5,134,1,0,0,0,0,1,1,3
3,135,1,0,0,0,0,1,0,1
9,136,0,1,0,0,1,1,1,1
10,137,1,0,0,1,1,1,0,2
2,138,0,1,1,0,0,1,0,2
2,139,1,1,1,0,1,0,0,5
7,140,0,0,0,1,1,1,0,7
6,141,0,1,0,1,1,0,0,4
10,142,0,0,0,1,0,1,0,2
3,143,1,1,1,1,1,1,1,4
8,144,1,1,1,1,0,1,0,3
10,145,1,1,0,0,1,0,1,2
2,146,1,1,1,1,1,1,1,3
3,147,0,0,1,1,1,0,1,3
6,148,0,0,1,0,1,0,1,6
6,149,1,1,0,0,1,0,1,6
5,150,0,1,0,0,1,0,0,1
8,151,1,0,0,0,0,1,1,7
8,152,0,0,1,1,0,1,1,4
4,153,0,1,0,0,0,1,0,7
7,154,1,1,1,0,0,0,0,3
1,155,0,1,1,0,0,0,1,1
6,156,1,1,1,1,1,0,0,7
5,157,1,1,0,1,0,1,1,5
5,158,1,0,1,1,0,0,0,1
9,159,0,0,1,0,1,0,1,2
10,160,1,1,1,1,1,1,1,5
8,161,0,1,1,1,0,1,0,7
9,162,0,1,0,0,0,0,0,3
1,163,0,0,0,0,0,0,1,5
5,164,0,0,1,0,1,1,0,4
2,165,0,0,0,1,1,0,1,6
10,166,0,0,0,0,1,0,0,1
6,167,1,1,0,0,1,0,1,1
3,168,1,0,1,0,1,0,1,6
1,169,1,0,0,0,0,0,1,3
4,170,0,0,0,1,1,0,0,4
1,171,1,0,0,0,1,1,0,3
10,172,0,1,0,0,0,0,0,6
1,173,0,0,0,1,0,0,0,2
9,174,1,1,0,1,1,0,1,3
8,175,0,1,0,1,0,1,1,7
7,176,1,0,1,1,0,0,1,5
7,177,0,1,1,0,1,0,1,7
2,178,0,0,1,0,1,1,0,5
6,179,0,0,0,1,1,1,1,4
1,180,0,1,1,1,0,1,1,4
10,181,0,0,1,1,0,0,1,4
3,182,1,1,1,1,0,1,1,1
6,183,1,1,1,0,0,0,1,5
7,184,1,0,1,0,0,0,0,1
6,185,0,0,0,1,1,1,0,5
2,186,1,0,1,1,1,1,0,7
4,187,0,0,0,0,1,1,0,7
5,188,1,1,0,1,1,1,0,4
1,189,1,0,0,0,0,1,1,5
9,190,0,0,0,0,0,0,1,2
6,191,0,1,1,1,0,0,0,4
2,192,1,1,0,0,1,1,1,7
7,193,1,1,1,0,0,1,1,3
7,194,1,1,0,0,1,1,0,7
8,195,0,1,1,0,1,1,1,7
8,196,0,1,1,0,0,0,0,6
3,197,0,1,0,0,0,1,0,3
10,198,0,1,0,0,0,1,1,7
9,199,1,1,0,0,1,0,1,4
4,200,1,1,0,1,1,0,1,3
5,201,0,1,0,1,0,1,0,2
7,202,0,0,1,1,1,0,0,7
4,203,1,1,0,0,0,0,0,6
5,204,0,0,1,0,1,0,0,7
9,205,0,1,1,0,0,1,1,6
2,206,0,0,1,1,1,1,1,2
1,207,0,1,0,1,1,1,1,4
4,208,1,1,1,1,1,1,0,6
3,209,1,1,0,0,0,0,1,3
1,210,1,0,0,1,1,0,0,6
6,211,0,0,1,0,1,1,0,7
6,212,1,0,1,0,1,1,0,4
4,213,1,0,0,1,1,1,1,4
2,214,0,0,1,1,1,0,1,4
8,215,1,1,1,0,1,1,1,3
9,216,0,1,0,1,1,1,0,1
4,217,1,0,0,1,1,1,0,4
5,218,0,1,0,1,0,1,1,4
10,219,0,1,1,1,0,1,0,4
9,220,0,1,1,1,1,1,0,4
7,221,1,1,0,1,0,0,1,5
1,222,0,1,0,1,0,1,1,7
2,223,1,1,0,1,0,0,0,3
3,224,0,1,0,0,1,1,0,3
9,225,1,0,1,0,0,0,0,7
2,226,1,1,0,1,0,0,1,6
2,227,1,1,1,0,0,0,1,2
6,228,1,0,1,0,1,1,1,2
1,229,1,0,1,1,1,0,0,1
2,230,0,0,1,1,0,0,0,2
10,231,0,0,1,1,1,0,0,5
4,232,1,0,1,1,0,1,0,2
8,233,0,0,0,0,1,1,1,3
4,234,1,1,0,0,1,1,0,1
6,235,1,1,1,1,1,1,0,7
7,236,0,0,0,0,1,0,1,1
5,237,1,1,0,0,1,1,0,5
9,238,1,0,0,1,1,0,1,3
6,239,0,1,1,0,1,0,1,1
2,240,0,0,1,0,0,0,1,1
7,241,1,1,1,0,0,0,0,3
10,242,0,0,1,1,1,0,1,1
2,243,0,1,1,0,0,0,1,1
7,244,1,0,0,0,1,1,1,3
1,245,0,1,0,0,1,0,1,3
2,246,0,1,1,1,0,0,0,2
3,247,0,0,1,0,0,1,0,6
3,248,0,0,0,1,1,1,0,2
7,249,1,1,0,0,1,1,1,3
2,250,1,1,1,1,1,1,1,7
5,251,1,1,1,1,1,0,1,5
4,252,0,1,1,1,1,0,1,5
6,253,1,0,1,0,1,1,0,4
8,254,0,0,1,1,0,0,1,5
9,255,0,0,0,0,1,1,1,5
1,256,0,0,0,0,0,1,0,2
3,257,1,1,1,1,1,1,1,1
6,258,1,1,1,1,1,0,1,5
1,259,0,0,1,1,1,0,1,4
9,260,1,1,1,0,1,0,0,2
8,261,1,0,1,1,0,0,1,3
5,262,0,1,0,0,1,0,1,7
1,263,0,1,0,0,0,0,0,1
10,264,1,0,0,1,0,1,1,2
8,265,1,1,0,1,1,1,1,1
8,266,1,1,0,0,0,1,1,3
2,267,1,1,0,1,1,1,1,4
1,268,1,1,1,1,1,1,1,4
6,269,0,1,0,1,0,1,0,3
4,270,0,1,1,0,0,1,1,4
1,271,0,0,0,1,1,1,0,7
3,272,1,0,1,0,1,1,0,2
4,273,1,0,0,0,1,0,1,7
2,274,1,1,0,1,0,1,1,1
4,275,0,1,1,1,1,0,0,1
2,276,0,0,0,0,0,1,1,3
2,277,0,1,0,1,0,1,0,4
9,278,1,0,1,1,1,1,1,3
1,279,0,1,0,0,0,0,0,6
3,280,1,1,1,1,1,1,0,7
5,281,1,1,0,0,0,1,1,7
4,282,1,0,1,0,1,0,1,4
6,283,0,0,1,1,0,0,1,6
3,284,1,1,1,0,1,1,1,4
8,285,0,1,0,0,1,1,1,5
6,286,1,1,0,0,1,1,1,1
8,287,0,1,0,1,1,0,1,7
6,288,0,0,0,0,0,0,1,2
5,289,0,1,0,1,1,1,0,5
4,290,1,1,0,0,0,0,1,2
5,291,1,1,0,0,1,1,1,5
6,292,0,0,0,0,1,0,0,3
5,293,0,0,0,0,1,1,1,1
2,294,0,0,0,1,1,0,0,3
8,295,0,1,1,0,1,1,0,6
5,296,0,1,1,0,1,1,0,2
10,297,0,0,1,1,0,0,1,4
4,298,0,0,0,1,0,0,0,2
9,299,1,1,0,0,0,0,1,5
1,300,0,0,1,0,0,0,1,3
3,301,1,1,0,0,0,1,0,4
9,302,0,0,0,0,0,0,0,5
10,303,0,1,0,0,0,1,0,2
10,304,0,1,0,0,1,0,1,3
4,305,0,0,1,1,0,1,1,2
2,306,0,0,0,1,0,1,0,7
2,307,1,0,0,1,0,1,1,3
3,308,1,0,1,1,0,0,0,6
2,309,0,0,0,1,1,1,1,3
10,310,0,1,0,0,1,0,1,4
10,311,0,0,1,0,0,0,1,6
10,312,1,1,1,1,1,0,0,2
4,313,0,1,0,0,0,1,0,3
7,314,1,0,0,0,0,1,1,4
5,315,1,0,0,1,0,1,0,7
8,316,0,0,1,1,1,0,1,4
8,317,1,1,0,1,1,1,1,5
5,318,1,1,1,1,0,0,1,5
6,319,0,1,0,1,1,1,0,2
4,320,0,0,0,1,0,0,0,5
8,321,1,0,1,0,0,0,0,3
1,322,1,0,0,0,0,0,1,5
5,323,0,1,0,1,1,1,1,2
7,324,1,0,1,1,1,1,1,4
5,325,1,1,1,1,1,1,1,4
2,326,0,0,0,1,1,1,1,5
5,327,0,0,0,1,0,1,0,2
4,328,0,0,1,1,1,0,1,1
9,329,0,0,0,0,1,1,1,5
2,330,1,0,1,0,0,1,1,7
3,331,0,1,0,0,0,0,1,6
5,332,1,1,0,1,1,1,0,6
2,333,0,1,1,1,0,1,0,2
3,334,0,0,1,1,0,0,1,2
8,335,0,1,1,0,1,0,0,4
6,336,0,0,1,0,0,0,0,4
8,337,0,0,0,1,0,0,1,4
5,338,0,1,0,1,0,1,1,7
2,339,1,0,0,0,1,1,1,6
4,340,1,1,0,0,0,1,1,1
6,341,0,1,1,1,1,0,1,5
3,342,0,1,0,0,0,0,0,5
8,343,0,1,1,0,0,1,0,4
9,344,1,0,1,1,1,0,0,4
7,345,1,0,0,0,0,0,0,4
3,346,1,0,1,0,0,1,1,6
7,347,1,1,1,0,0,0,0,6
3,348,0,0,1,1,0,1,0,4
3,349,1,1,1,0,0,0,1,2
9,350,0,1,0,0,0,1,1,5
2,351,1,1,1,1,0,1,0,4
4,352,0,1,1,1,0,0,1,4
8,353,1,1,0,0,0,1,0,6
6,354,0,0,0,0,1,0,1,1
10,355,1,0,0,0,1,1,1,3
7,356,1,1,0,0,0,1,0,3
1,357,0,1,1,1,1,0,1,2
7,358,1,1,1,0,0,0,1,2
4,359,1,1,1,0,0,0,0,3
5,360,1,1,1,0,1,1,1,6
8,361,1,1,0,0,0,1,1,4
7,362,0,1,1,0,1,1,0,4
9,363,0,1,1,1,0,0,1,7
6,364,0,1,1,0,1,0,1,4
8,365,1,0,1,1,0,0,0,4
4,366,0,0,0,0,0,1,0,1
2,367,0,0,0,1,0,1,0,6
5,368,1,1,0,1,1,1,0,2
2,369,1,1,0,1,1,0,0,3
2,370,0,1,0,1,0,0,1,1
10,371,0,0,0,1,1,1,1,1
4,372,0,1,0,1,0,0,1,4
4,373,0,0,0,1,0,1,0,6
7,374,1,0,0,1,0,0,1,2
4,375,0,0,1,1,1,0,1,2
6,376,1,1,0,0,0,0,1,3
8,377,0,0,1,0,1,1,1,7
8,378,0,0,1,0,0,0,1,5
1,379,0,1,1,1,1,0,0,5
8,380,1,1,0,1,1,0,1,1
2,381,0,1,0,0,1,0,0,3
3,382,0,0,0,0,1,1,0,7
3,383,1,0,1,1,1,1,1,5
5,384,1,1,1,0,1,0,0,3
9,385,1,0,1,1,1,0,1,4
10,386,0,1,0,1,0,0,1,4
2,387,0,0,1,1,0,1,0,5
9,388,1,1,0,0,0,0,1,4
7,389,0,0,0,1,1,0,0,6
7,390,0,1,0,1,0,0,0,6
9,391,1,0,0,0,0,1,1,7
10,392,0,1,0,0,1,1,0,2
7,393,0,1,0,0,0,0,1,2
8,394,0,1,0,0,1,0,0,2
8,395,0,1,1,0,1,1,0,7
7,396,1,0,1,0,0,0,1,4
6,397,1,1,0,0,0,0,1,6
6,398,1,1,1,0,0,0,0,7
6,399,1,1,0,1,0,1,1,4
1,400,1,1,0,1,0,1,1,5
4,401,0,0,0,0,1,0,0,7
9,402,0,1,0,1,1,1,0,3
6,403,0,0,1,0,1,1,1,5
6,404,0,1,0,0,0,1,1,7
8,405,1,0,0,1,1,1,0,1
6,406,1,1,1,0,1,0,0,2
10,407,0,1,1,1,0,1,0,6
8,408,0,0,1,0,1,0,1,4
8,409,0,0,0,0,1,1,1,5
1,410,1,1,0,0,0,0,0,1
5,411,1,0,0,1,0,0,1,6
10,412,1,0,1,0,0,1,1,1
6,413,1,1,0,1,1,0,0,1
1,414,0,0,1,1,1,1,0,5
6,415,0,1,0,1,1,0,0,6
6,416,0,0,1,1,1,1,0,6
1,417,1,1,0,0,0,1,1,3
9,418,1,0,0,0,1,0,0,5
9,419,0,1,0,0,1,1,1,2
8,420,0,0,1,0,1,1,0,4
8,421,1,0,0,1,1,0,1,3
7,422,0,1,1,1,0,1,0,4
7,423,0,1,1,1,1,0,0,4
5,424,1,0,0,1,1,0,1,6
6,425,1,0,1,1,0,1,1,4
10,426,1,1,1,0,0,0,1,3
5,427,0,1,1,0,1,0,1,6
7,428,1,1,0,1,1,1,0,2
3,429,1,0,0,0,1,0,1,5
8,430,1,0,0,0,0,1,1,2
10,431,0,0,0,0,1,0,1,7
3,432,0,0,0,1,0,0,0,3
3,433,1,1,1,1,1,0,1,7
3,434,1,1,1,0,1,1,0,7
6,435,0,1,1,0,1,0,0,7
4,436,0,0,0,0,0,1,1,7
1,437,0,0,0,0,0,0,0,1
8,438,0,0,0,1,1,0,0,2
8,439,1,0,0,0,1,1,1,5
2,440,0,1,0,1,0,0,0,3
1,441,1,0,0,1,0,1,1,4
8,442,0,1,1,1,0,0,1,6
6,443,0,0,0,0,0,0,0,1
9,444,0,0,0,0,0,0,0,6
7,445,0,1,1,0,0,0,0,6
4,446,1,0,1,1,0,0,0,2
1,447,1,1,1,1,0,0,0,5
5,448,1,0,1,0,0,0,0,1
7,449,1,1,0,0,1,0,1,2
9,450,0,1,0,1,0,0,1,1
5,451,1,1,1,1,0,1,1,6
10,452,1,0,0,1,1,0,1,2
1,453,0,1,1,1,1,0,0,3
10,454,0,1,0,1,1,0,0,1
8,455,1,1,1,1,1,1,1,3
1,456,1,1,0,0,0,1,0,7
2,457,1,0,1,0,1,0,1,1
2,458,0,1,0,0,0,0,1,6
8,459,1,0,1,0,1,0,0,6
1,460,0,0,1,0,1,1,0,5
10,461,0,1,0,1,0,1,1,3
3,462,0,0,1,1,0,0,0,6
3,463,1,0,1,1,0,0,0,1
1,464,0,1,1,0,0,1,1,2
8,465,0,0,1,0,0,0,1,6
7,466,0,1,1,0,1,0,1,5
8,467,0,1,1,1,0,0,1,5
7,468,1,1,0,1,1,1,0,1
4,469,0,1,0,0,0,1,1,6
3,470,1,0,1,1,0,0,0,3
2,471,0,0,1,0,1,0,0,7
6,472,0,1,0,0,1,0,0,1
8,473,0,1,0,0,0,0,0,7
3,474,0,0,1,0,0,0,0,1
4,475,0,0,1,1,0,1,0,3
3,476,1,1,1,0,0,0,1,5
1,477,0,1,0,0,0,1,0,7
1,478,0,0,0,1,0,1,0,7
9,479,0,0,0,0,0,0,1,7
6,480,0,1,1,0,0,0,1,4
4,481,0,1,0,1,1,1,1,4
8,482,0,0,1,1,1,1,1,7
5,483,1,1,0,1,1,1,0,2
5,484,0,0,1,1,1,0,0,4
3,485,0,1,1,0,0,0,1,4
6,486,1,0,1,0,1,0,0,2
2,487,1,0,0,1,0,1,1,6
2,488,0,0,1,1,1,1,1,5
9,489,1,0,0,1,0,0,1,6
6,490,0,0,1,0,1,0,1,6
5,491,0,0,1,1,0,0,0,2
9,492,0,0,0,1,0,0,1,4
2,493,0,1,0,1,0,1,0,6
9,494,0,1,1,0,1,1,1,3
1,495,1,0,0,0,1,1,1,7
6,496,0,1,1,1,0,1,0,4
2,497,1,1,1,1,1,0,0,6
2,498,0,0,1,0,0,1,0,4
5,499,0,0,0,0,0,1,1,2
6,500,0,1,1,0,0,0,1,7
8,501,0,1,0,1,1,0,0,5
2,502,0,0,1,1,1,0,0,2
5,503,1,0,1,0,1,1,0,6
4,504,0,1,0,0,0,1,0,2
3,505,1,0,1,0,0,1,0,7
2,506,1,0,1,1,1,0,1,4
2,507,0,1,0,1,0,0,0,7
9,508,0,0,1,0,1,1,0,6
10,509,0,0,0,1,1,1,0,4
7,510,0,0,0,0,0,1,0,4
6,511,1,0,1,1,1,1,1,2
4,512,0,1,0,1,0,0,1,1
9,513,1,0,0,0,1,0,0,1
10,514,0,0,0,1,0,0,1,6
5,515,1,1,0,0,0,0,0,4
3,516,0,1,1,0,0,0,1,4
10,517,1,0,0,0,0,1,0,3
2,518,1,0,1,1,1,0,0,6
4,519,1,0,1,1,0,1,0,1
2,520,1,0,1,1,0,1,0,6
1,521,0,0,0,1,1,0,0,2
8,522,0,0,1,0,0,1,0,3
4,523,0,0,1,0,0,0,0,7
8,524,1,1,0,0,1,1,0,6
10,525,1,0,0,0,1,0,1,6
2,526,1,1,1,0,0,0,0,7
7,527,0,0,1,0,0,0,0,7
3,528,0,0,0,0,1,1,0,5
3,529,1,0,1,1,1,1,1,3
10,530,1,0,0,0,1,0,0,1
2,531,1,0,0,1,0,0,0,6
7,532,0,0,1,0,0,1,0,2
2,533,1,0,0,0,0,0,1,2
1,534,0,1,1,1,1,0,0,3
9,535,1,1,0,0,0,1,0,6
7,536,0,1,0,0,0,0,1,4
5,537,1,0,0,1,0,1,0,2
5,538,1,0,1,1,0,0,0,3
6,539,0,0,1,0,0,0,0,1
9,540,0,0,0,1,0,1,0,3
8,541,1,0,0,1,0,1,0,1
3,542,1,0,1,0,1,1,0,7
2,543,0,1,0,1,0,1,0,7
9,544,0,0,0,0,0,1,1,2
9,545,1,1,1,0,1,1,1,3
6,546,0,0,0,0,1,1,0,1
4,547,0,0,1,1,0,0,0,7
9,548,0,1,0,0,1,1,0,6
6,549,0,0,0,0,0,0,1,7
6,550,0,1,0,1,1,1,1,2
8,551,1,1,1,1,0,0,1,3
6,552,0,1,1,0,1,1,1,5
1,553,0,0,0,0,1,0,0,2
10,554,0,1,0,1,1,0,0,1
9,555,1,1,0,1,0,1,1,6
3,556,1,0,1,1,1,0,1,6
1,557,0,0,0,0,1,0,0,6
6,558,0,0,0,1,0,0,0,1
4,559,1,0,1,1,0,1,0,4
7,560,0,1,0,1,1,0,0,2
6,561,0,1,0,0,0,1,1,4
4,562,0,0,0,0,1,1,0,3
10,563,0,0,0,0,1,1,0,6
8,564,0,0,1,1,1,0,0,5
5,565,1,1,0,0,0,1,1,3
9,566,1,0,1,1,0,1,0,2
2,567,0,0,1,1,1,1,0,2
4,568,0,0,1,0,1,0,0,3
7,569,0,1,0,0,0,0,0,3
6,570,1,0,1,0,1,0,1,5
10,571,0,0,1,1,0,1,1,2
2,572,0,1,0,1,0,0,1,7
1,573,0,0,1,0,0,0,1,6
7,574,1,1,0,1,1,0,0,3
5,575,0,0,1,0,0,0,0,3
4,576,0,0,1,1,1,1,0,6
4,577,0,1,1,1,1,0,0,6
4,578,0,0,1,1,0,0,1,1
3,579,0,0,1,0,1,1,0,5
6,580,1,1,0,1,1,0,1,7
2,581,1,1,0,0,1,0,0,4
5,582,1,0,0,0,0,1,1,2
6,583,0,0,1,1,0,1,1,7
2,584,1,0,0,1,1,0,1,4
10,585,0,0,1,1,0,0,1,2
9,586,0,0,1,0,0,1,0,6
9,587,1,0,1,0,1,1,0,4
8,588,0,1,0,0,1,0,0,1
1,589,1,0,0,0,1,0,1,2
4,590,1,0,1,1,0,0,1,4
8,591,1,1,1,1,0,1,1,2
5,592,1,0,0,0,0,1,0,3
10,593,1,0,0,1,0,0,1,3
6,594,0,0,1,0,0,1,1,1
3,595,1,0,1,1,1,0,0,6
7,596,1,1,1,1,1,1,0,5
2,597,0,0,0,1,1,0,1,4
3,598,0,0,1,0,0,1,1,5
2,599,0,1,0,1,1,0,1,7
5,600,1,1,0,0,1,0,0,3
8,601,0,1,1,1,1,0,0,5
1,602,1,1,1,0,0,0,1,3
6,603,1,1,1,1,0,1,1,1
5,604,0,0,1,1,1,0,1,5
7,605,0,0,1,1,0,0,0,1
6,606,0,0,1,1,1,0,1,5
3,607,1,0,1,1,0,1,1,3
8,608,1,0,1,1,0,1,0,3
6,609,0,0,1,0,0,0,1,5
5,610,1,1,1,0,0,0,0,4
2,611,0,1,1,0,0,0,1,2
10,612,0,0,1,1,0,0,0,6
4,613,0,1,0,0,0,0,1,6
8,614,0,1,1,1,0,0,1,1
4,615,1,1,1,0,1,0,1,1
8,616,1,1,1,0,1,1,0,6
1,617,0,0,0,1,0,0,1,1
8,618,1,1,1,0,0,0,1,1
9,619,1,1,1,1,0,1,0,1
1,620,0,1,0,1,1,0,1,7
2,621,0,0,0,0,1,1,0,5
7,622,1,0,1,0,0,0,1,5
4,623,1,1,1,1,1,1,0,6
5,624,0,0,1,1,1,1,1,5
4,625,0,1,0,1,0,1,0,3
2,626,0,0,1,1,0,0,0,2
7,627,1,0,1,1,1,1,0,1
3,628,1,0,1,1,0,0,0,2
6,629,1,0,1,0,1,0,1,7
5,630,0,0,1,0,0,0,1,6
7,631,0,0,0,1,0,0,1,3
9,632,0,1,0,0,1,1,0,5
6,633,1,1,0,0,0,1,0,5
2,634,0,1,1,1,0,0,1,1
5,635,1,0,0,0,1,0,1,1
7,636,1,1,0,1,0,1,0,2
4,637,1,1,1,1,1,1,0,5
5,638,1,1,0,0,0,1,1,1
8,639,0,0,0,1,1,0,0,3
3,640,0,1,1,1,1,0,0,2
3,641,1,0,0,1,1,0,1,7
2,642,0,0,1,1,1,1,0,1
7,643,1,1,0,0,0,1,0,1
6,644,1,0,0,0,0,0,0,7
6,645,1,0,0,1,0,1,1,2
2,646,1,0,0,1,1,0,0,7
1,647,0,0,1,0,0,0,0,3
3,648,1,0,1,0,1,0,0,6
6,649,0,0,0,1,1,1,1,4
5,650,0,1,0,0,0,0,1,5
4,651,0,0,0,1,1,1,0,7
6,652,0,0,1,1,1,0,1,1
2,653,0,1,0,0,1,1,1,6
10,654,1,1,0,1,0,0,0,7
5,655,1,1,0,0,0,1,1,4
2,656,0,0,0,1,0,0,0,6
10,657,0,1,1,1,1,0,0,2
9,658,1,0,0,0,0,1,0,1
7,659,0,0,0,0,1,1,0,7
6,660,1,0,1,1,1,1,0,2
5,661,1,0,0,1,1,1,1,5
5,662,0,1,1,1,1,1,1,6
10,663,1,1,0,1,1,1,1,6
6,664,0,1,0,1,1,0,0,5
9,665,1,0,1,1,0,1,1,3
6,666,1,0,0,1,1,0,0,3
3,667,1,1,1,1,1,1,0,3
9,668,0,0,1,1,0,1,1,6
5,669,1,1,1,0,0,1,1,3
2,670,0,0,1,0,0,0,1,3
4,671,0,1,1,1,1,0,1,7
4,672,1,1,0,0,1,0,0,4
7,673,0,0,0,1,1,0,1,6
8,674,0,1,0,1,1,1,1,4
10,675,1,0,0,1,1,1,0,4
4,676,1,0,0,1,1,0,0,7
5,677,0,1,0,1,0,0,1,6
3,678,0,1,1,0,1,0,1,5
9,679,1,0,1,0,0,0,0,2
5,680,0,0,1,1,0,1,1,7
9,681,1,0,0,0,1,0,0,5
3,682,1,1,1,1,1,0,1,6
6,683,1,0,1,1,0,1,1,4
5,684,1,0,1,0,0,0,0,2
1,685,1,1,0,0,0,1,1,6
9,686,1,0,0,1,0,0,0,2
3,687,1,1,1,0,1,0,0,6
1,688,1,1,0,1,1,0,1,2
7,689,0,0,1,0,1,0,0,3
5,690,1,0,0,1,1,1,1,2
4,691,0,1,1,0,0,0,0,7
8,692,0,1,0,0,1,0,0,2
1,693,1,0,0,1,0,1,0,2
2,694,1,1,1,1,1,0,1,1
8,695,1,0,0,0,1,1,0,4
5,696,1,0,1,0,0,0,0,3
5,697,0,1,1,1,1,0,0,3
8,698,1,1,0,0,1,0,1,1
5,699,1,1,0,1,0,1,0,4
5,700,1,1,1,0,0,1,1,3
7,701,1,0,0,1,0,0,1,2
7,702,1,0,1,0,0,0,0,1
10,703,1,1,1,0,1,1,1,2
10,704,1,0,0,0,0,1,1,7
7,705,1,0,0,0,0,1,0,7
2,706,1,0,1,0,0,0,0,4
1,707,0,0,0,0,0,1,1,6
1,708,1,0,1,1,0,1,0,1
7,709,0,1,1,1,0,1,1,3
5,710,1,0,1,1,0,1,0,1
10,711,0,1,0,0,1,1,0,6
4,712,1,0,0,1,0,0,0,3
9,713,1,1,1,0,1,1,0,5
2,714,1,1,1,1,1,1,1,4
5,715,0,0,0,0,1,1,0,2
9,716,0,0,1,0,1,0,1,3
9,717,1,1,1,0,1,1,1,5
10,718,1,0,1,1,1,0,0,3
2,719,1,0,0,1,1,0,1,1
3,720,1,0,0,1,1,0,1,4
5,721,0,0,1,0,0,0,1,6
10,722,0,1,1,0,1,1,0,3
3,723,1,0,0,1,0,0,1,6
4,724,0,1,0,1,0,1,1,6
8,725,1,1,0,0,0,1,0,3
3,726,1,1,1,1,0,0,0,1
4,727,1,0,1,0,0,1,1,4
4,728,0,1,0,1,0,1,1,7
4,729,0,0,1,0,0,0,0,6
9,730,1,0,0,1,0,0,0,4
10,731,1,0,1,1,0,1,1,1
4,732,1,0,1,0,1,0,1,5
3,733,1,0,0,1,1,1,1,5
6,734,1,0,0,0,1,1,0,3
7,735,1,1,0,1,1,1,0,3
4,736,1,0,1,0,1,1,1,2
4,737,0,1,1,0,0,1,1,4
1,738,1,1,1,1,1,1,1,1
5,739,0,1,1,0,0,1,0,7
1,740,1,1,1,1,0,1,0,2
1,741,0,1,0,0,1,1,0,5
1,742,0,1,0,0,0,1,0,6
4,743,0,1,0,0,1,0,1,4
8,744,1,1,0,1,0,1,0,2
5,745,1,1,0,1,1,1,1,1
8,746,1,1,1,1,1,0,0,3
9,747,0,0,0,1,1,0,1,3
5,748,0,1,0,0,0,1,0,1
1,749,1,0,1,1,1,0,1,5
8,750,1,1,1,0,0,1,1,6
2,751,1,1,1,0,0,0,1,6
10,752,1,1,1,0,1,0,0,5
5,753,1,1,1,0,1,0,1,4
10,754,0,1,0,0,0,1,1,5
7,755,1,0,0,1,1,0,0,4
9,756,0,0,0,1,1,0,0,4
9,757,1,1,0,0,0,1,1,3
1,758,0,0,1,0,1,0,1,5
10,759,1,0,1,0,0,0,1,5
9,760,0,0,0,0,1,0,1,4
2,761,0,0,1,0,0,1,0,2
2,762,1,1,1,0,0,0,0,5
1,763,0,1,0,1,0,1,1,7
4,764,1,0,1,0,0,1,0,1
7,765,0,1,0,1,0,1,0,5
6,766,1,1,0,1,0,0,1,6
4,767,1,1,0,1,0,1,0,2
7,768,0,0,0,1,1,1,0,4
10,769,1,0,1,1,0,1,0,5
3,770,0,0,1,0,1,1,1,5
5,771,1,1,1,1,1,1,0,6
1,772,0,1,1,1,1,0,1,2
10,773,0,1,0,0,1,0,0,1
4,774,0,0,1,0,0,1,1,3
1,775,1,0,0,1,1,0,1,7
3,776,1,1,0,0,1,1,1,5
7,777,0,0,1,0,0,1,0,5
3,778,0,1,1,1,1,1,0,1
5,779,1,1,0,1,0,0,1,1
2,780,0,1,0,1,1,0,0,2
6,781,1,0,1,1,0,1,0,4
5,782,0,0,0,1,1,0,1,5
7,783,1,0,0,0,0,0,1,5
2,784,0,1,0,1,1,1,1,3
5,785,0,1,1,0,1,1,1,2
1,786,0,0,0,0,0,1,1,5
5,787,0,1,0,1,1,0,1,3
7,788,0,1,0,1,1,1,1,4
1,789,1,1,1,0,0,1,1,1
6,790,1,1,0,0,0,1,1,6
3,791,0,1,1,1,0,0,1,6
8,792,0,1,0,1,0,1,1,6
10,793,1,0,1,0,0,0,1,3
5,794,0,0,0,1,1,1,1,1
4,795,0,1,0,1,1,1,1,2
6,796,0,1,0,0,1,0,1,1
10,797,1,1,1,0,0,0,1,7
2,798,0,0,1,1,0,1,0,4
10,799,0,0,1,1,0,1,1,2
2,800,1,0,0,0,0,1,0,6
9,801,0,0,0,0,1,1,0,3
7,802,1,1,0,0,1,0,0,6
3,803,1,0,1,0,1,1,0,2
4,804,0,1,0,1,0,1,0,6
2,805,1,1,0,0,1,1,1,2
8,806,1,0,0,1,1,1,0,6
9,807,1,1,0,1,1,0,1,5
2,808,0,1,1,0,1,1,1,7
6,809,1,0,1,1,0,0,1,4
10,810,0,0,1,1,1,1,1,7
1,811,1,0,0,1,0,1,0,4
8,812,0,0,1,0,0,1,0,4
2,813,0,0,0,1,0,1,0,3
2,814,1,0,1,0,1,0,0,3
5,815,1,1,1,1,0,0,0,5
10,816,0,0,1,0,0,1,1,4
9,817,1,0,0,1,1,0,0,6
1,818,1,1,1,0,0,0,0,6
5,819,0,0,1,0,1,0,0,7
1,820,0,1,1,1,1,0,0,2
8,821,0,0,0,0,1,1,1,1
6,822,0,0,0,0,0,1,0,4
7,823,0,1,0,1,0,1,0,5
10,824,0,1,1,1,0,1,1,3
4,825,1,1,1,1,0,1,1,3
8,826,1,0,0,0,1,1,0,1
10,827,1,1,0,0,1,1,0,4
10,828,0,1,1,1,1,0,1,5
4,829,0,0,1,0,1,1,1,1
7,830,1,0,0,0,1,1,0,2
7,831,0,1,0,1,1,0,0,6
2,832,0,1,1,1,0,1,0,7
8,833,0,1,1,1,0,1,0,5
9,834,1,0,1,1,1,1,0,2
6,835,0,0,0,0,1,1,0,5
5,836,0,0,1,0,1,0,1,1
8,837,1,0,0,1,1,0,1,1
4,838,0,0,0,1,0,0,1,1
6,839,0,1,1,0,0,0,0,3
9,840,1,0,0,1,1,1,1,6
10,841,0,1,0,0,1,0,0,6
2,842,1,0,1,0,1,1,0,6
7,843,1,0,0,0,1,0,1,4
1,844,1,0,1,0,1,1,0,1
6,845,1,0,1,1,1,1,1,5
10,846,1,1,1,1,0,1,0,7
3,847,0,0,0,0,1,0,0,6
6,848,0,0,1,0,1,0,0,2
5,849,1,0,1,1,1,1,0,5
2,850,0,1,0,1,1,1,0,3
8,851,0,0,0,0,0,1,0,5
2,852,0,0,1,1,1,1,0,2
9,853,1,0,1,1,1,0,1,4
6,854,1,1,0,0,1,0,1,3
6,855,0,1,0,1,1,1,0,3
5,856,1,1,0,1,0,1,1,3
8,857,0,0,1,1,1,0,1,2
2,858,1,0,1,0,1,1,1,3
7,859,1,1,1,1,1,0,1,6
6,860,1,0,0,1,0,1,0,4
3,861,0,1,0,0,0,1,0,1
3,862,1,0,1,1,0,0,0,1
2,863,1,0,0,1,0,0,1,2
7,864,1,1,1,1,1,1,0,2
4,865,0,0,0,1,1,1,1,7
8,866,0,1,0,0,0,1,1,3
2,867,0,0,1,1,1,1,0,6
3,868,0,1,1,0,1,0,1,1
1,869,1,1,1,1,1,0,0,3
4,870,0,0,0,0,0,1,1,7
4,871,1,1,1,0,1,1,0,3
3,872,1,0,1,0,1,1,1,6
8,873,0,1,1,0,0,0,0,5
7,874,1,1,0,0,1,1,0,3
1,875,1,0,0,1,1,0,1,7
3,876,1,0,1,0,1,0,1,5
8,877,0,1,0,0,0,1,0,6
6,878,0,0,0,1,0,1,0,2
8,879,0,1,1,0,0,1,0,1
1,880,1,0,1,1,1,1,1,7
6,881,1,0,1,1,1,1,0,3
6,882,0,0,0,0,1,0,0,4
8,883,0,1,0,0,1,1,0,1
9,884,0,0,1,0,1,1,0,3
7,885,0,0,1,0,0,1,0,3
2,886,1,1,0,1,1,0,0,1
10,887,1,0,1,0,1,1,0,7
3,888,1,0,1,0,1,1,1,2
8,889,0,1,0,0,1,0,1,2
10,890,1,0,1,0,1,1,0,5
8,891,1,1,1,1,1,1,1,2
4,892,0,1,0,0,0,1,0,4
7,893,1,0,0,1,0,1,1,2
5,894,1,1,0,0,1,0,1,5
3,895,1,0,1,1,1,0,0,7
7,896,0,0,1,0,0,1,1,1
2,897,0,0,0,1,0,0,0,5
9,898,0,1,1,1,1,0,0,7
7,899,1,1,0,0,0,1,0,1
6,900,1,1,1,1,0,1,0,1
1,901,1,1,1,1,0,1,0,2
10,902,0,0,0,0,0,1,1,7
3,903,1,1,1,0,0,1,0,4
2,904,1,1,0,0,1,0,1,7
3,905,0,0,1,0,1,1,0,3
4,906,0,0,0,0,1,1,1,2
5,907,1,0,1,0,0,1,1,4
4,908,0,0,0,1,1,0,1,6
9,909,1,1,0,1,1,1,0,7
6,910,0,1,0,1,0,1,0,2
3,911,0,1,0,1,1,0,0,2
10,912,0,1,1,0,1,0,1,1
9,913,0,0,0,0,1,0,0,6
4,914,0,1,1,0,0,1,0,4
6,915,1,0,1,1,0,0,0,6
6,916,1,0,0,0,1,0,0,3
4,917,0,1,0,1,1,1,1,1
7,918,1,0,1,1,0,1,0,3
7,919,1,0,1,0,1,1,1,6
2,920,0,1,1,1,0,1,0,7
6,921,0,1,1,0,1,1,1,7
9,922,0,1,1,1,0,1,0,2
5,923,1,1,1,0,0,0,1,1
1,924,1,0,1,0,0,1,0,3
1,925,0,1,1,0,0,0,0,4
9,926,1,0,0,1,0,0,0,5
2,927,1,1,0,1,0,0,0,3
4,928,1,1,0,0,0,0,1,4
6,929,1,0,0,1,0,1,1,3
2,930,1,0,1,0,1,0,1,1
1,931,0,1,1,0,1,1,1,1
1,932,0,0,0,1,1,1,1,1
2,933,1,1,0,0,0,0,1,5
10,934,0,1,1,0,1,1,0,5
6,935,0,0,0,1,0,0,0,2
10,936,0,0,1,1,1,0,1,5
2,937,0,1,1,0,0,1,0,6
4,938,1,0,1,1,0,1,0,2
6,939,0,1,1,0,1,0,0,6
8,940,0,0,0,0,0,0,0,3
2,941,0,1,0,0,0,1,0,7
7,942,1,1,1,0,1,1,0,3
4,943,0,0,0,0,1,1,1,6
1,944,1,1,0,1,0,1,0,2
3,945,1,1,1,1,1,1,0,3
2,946,0,0,0,0,1,1,1,3
4,947,0,1,0,0,0,1,0,3
7,948,0,0,1,0,0,1,0,3
2,949,0,1,1,0,1,0,1,4
2,950,1,0,1,0,1,0,1,1
9,951,0,1,0,1,1,0,1,7
2,952,1,0,1,1,1,0,1,1
8,953,0,0,0,1,1,1,0,3
3,954,0,1,1,0,0,0,1,2
10,955,0,1,0,1,0,1,1,4
9,956,1,0,1,1,0,1,0,5
8,957,1,1,1,1,1,0,1,7
3,958,1,1,0,0,1,1,1,2
8,959,1,0,0,0,1,0,0,6
2,960,0,0,1,0,1,0,0,1
3,961,0,0,0,1,0,1,1,2
7,962,0,1,0,0,1,0,1,4
8,963,0,0,0,0,0,1,0,3
10,964,0,1,0,0,1,1,1,2
10,965,1,0,1,0,1,0,1,3
1,966,0,1,1,1,0,0,0,7
9,967,1,0,0,1,1,0,1,5
5,968,1,1,1,0,1,1,1,6
4,969,1,0,0,0,1,1,0,4
3,970,0,0,0,0,0,1,1,2
3,971,0,0,0,0,1,1,0,1
8,972,0,0,1,1,0,0,0,5
2,973,1,0,1,1,0,0,1,5
8,974,0,1,0,0,1,0,0,1
10,975,0,0,0,1,0,1,1,6
1,976,0,1,1,0,1,0,0,5
6,977,0,1,1,0,0,1,0,4
8,978,0,0,0,0,1,1,1,6
5,979,1,0,0,0,0,1,1,6
3,980,1,1,0,0,0,0,0,3
6,981,1,0,1,1,1,1,1,6
7,982,1,0,1,0,0,1,0,3
3,983,1,0,0,0,0,1,0,6
7,984,1,0,1,0,1,1,1,1
2,985,0,1,0,1,1,0,1,2
4,986,1,0,0,1,1,1,1,5
9,987,0,1,0,1,1,0,0,7
10,988,1,1,1,0,1,1,0,5
1,989,1,0,0,1,0,1,0,3
2,990,0,1,0,1,1,1,1,1
5,991,0,1,1,0,1,0,0,2
2,992,0,1,1,1,1,0,0,2
10,993,0,0,1,1,0,1,1,7
1,994,1,1,1,0,1,1,0,7
2,995,1,0,0,1,1,1,0,6
7,996,1,1,0,1,0,0,0,6
10,997,1,1,1,0,1,1,0,4
10,998,1,1,1,0,0,1,1,4
5,999,0,1,1,0,1,0,1,7
2,1000,0,1,0,0,1,1,0,2
8,1001,0,0,1,0,1,1,1,6
1,1002,1,1,0,1,0,1,1,7
4,1003,0,1,0,0,0,0,0,4
2,1004,1,1,0,1,1,0,1,4
4,1005,1,1,0,0,0,1,0,1
6,1006,1,0,1,1,0,1,0,6
7,1007,1,0,1,0,0,1,1,2
5,1008,0,1,0,0,0,0,1,1
5,1009,0,0,0,0,1,1,0,3
8,1010,1,0,0,0,1,0,1,3
7,1011,1,1,0,1,0,1,0,3
9,1012,1,0,0,0,1,0,1,2
10,1013,1,0,0,1,0,1,0,3
2,1014,0,0,1,0,0,1,1,7
2,1015,0,1,0,1,1,1,1,2
5,1016,0,1,0,0,0,1,0,4
10,1017,0,0,1,1,0,1,1,6
10,1018,0,1,1,1,0,1,1,3
8,1019,1,0,0,1,0,0,0,1
10,1020,0,0,0,1,1,1,0,7
4,1021,1,1,0,1,0,0,0,5
1,1022,0,0,0,1,1,0,0,7
3,1023,0,1,0,1,0,1,0,5
10,1024,1,0,0,1,0,1,0,2
9,1025,0,0,0,1,0,1,1,4
8,1026,1,0,1,0,0,0,0,3
2,1027,1,0,0,1,0,0,0,4
6,1028,1,0,1,0,0,0,0,3
2,1029,1,1,0,0,1,0,0,3
8,1030,0,0,1,1,0,0,0,4
7,1031,0,0,1,1,0,1,1,5
9,1032,0,1,0,0,1,0,0,2
7,1033,1,0,0,0,0,1,1,6
10,1034,0,0,0,0,0,1,1,5
10,1035,1,1,0,1,0,0,0,1
10,1036,0,1,1,0,1,1,0,7
6,1037,0,0,1,1,0,1,1,2
2,1038,1,1,0,0,0,1,0,2
9,1039,0,1,1,0,1,1,0,2
9,1040,1,1,0,0,0,1,1,2
2,1041,0,0,0,1,0,0,0,6
3,1042,0,0,0,0,0,0,1,1
3,1043,1,0,0,0,0,0,1,2
7,1044,0,1,0,0,1,1,0,6
7,1045,0,0,0,1,0,0,0,3
4,1046,0,1,0,1,1,0,1,2
5,1047,0,0,0,0,1,1,1,3
7,1048,0,1,1,0,1,0,0,2
2,1049,0,1,0,1,1,0,1,5
9,1050,1,1,1,1,0,0,1,3
5,1051,0,1,1,0,1,1,1,1
6,1052,0,0,1,0,0,1,0,6
8,1053,0,0,0,1,0,1,0,6
1,1054,0,0,1,1,0,1,0,5
4,1055,1,1,0,1,1,1,1,7
5,1056,0,0,1,0,1,0,1,6
6,1057,1,1,0,0,0,0,0,3
5,1058,1,1,1,0,1,0,1,3
4,1059,1,1,0,1,1,0,0,5
8,1060,0,0,1,1,1,0,0,6
5,1061,1,1,1,0,1,1,1,3
2,1062,1,1,1,0,1,0,1,7
8,1063,0,1,1,1,1,0,1,4
5,1064,0,0,1,1,0,1,1,5
2,1065,1,1,1,1,1,1,0,5
8,1066,0,0,0,1,1,0,1,4
5,1067,0,1,0,1,0,0,0,7
9,1068,0,1,0,0,0,0,1,5
7,1069,0,1,1,0,1,1,0,5
8,1070,1,1,0,1,0,0,0,2
1,1071,1,0,0,1,1,1,1,1
9,1072,0,1,1,0,0,1,0,7
6,1073,1,1,1,1,1,1,1,2
7,1074,0,0,1,1,1,1,0,3
1,1075,1,0,1,0,1,1,0,7
9,1076,0,1,0,0,1,0,1,7
5,1077,0,1,0,1,0,0,1,3
5,1078,0,0,1,1,1,1,0,7
8,1079,0,0,1,1,0,0,1,2
1,1080,0,0,0,0,0,1,1,1
10,1081,1,0,0,0,1,0,0,5
1,1082,0,1,0,0,0,1,1,2
6,1083,1,0,0,0,0,0,1,7
1,1084,0,0,0,1,1,0,1,6
2,1085,0,1,0,0,1,1,1,6
3,1086,0,1,0,1,1,0,0,3
5,1087,0,1,0,1,0,0,0,1
7,1088,0,1,0,0,1,1,1,6
9,1089,0,1,0,0,1,1,1,4
7,1090,1,1,1,1,1,0,1,7
5,1091,1,0,0,0,1,1,1,3
7,1092,1,0,1,0,1,1,0,1
2,1093,0,1,0,1,0,1,0,1
1,1094,1,1,1,1,1,1,1,5
3,1095,1,0,1,0,1,0,0,1
7,1096,1,0,0,1,1,1,1,1
10,1097,1,0,0,0,0,0,0,5
9,1098,0,0,1,0,0,1,0,6
5,1099,0,1,0,1,0,0,1,7
7,1100,0,0,0,0,1,1,0,4
5,1101,0,1,0,0,1,1,1,6
9,1102,1,0,0,0,1,1,1,7
9,1103,0,1,0,1,0,0,1,6
1,1104,0,0,1,1,1,1,1,3
5,1105,0,0,1,0,1,0,1,6
3,1106,0,0,0,0,1,0,1,2
7,1107,0,1,0,0,1,0,0,3
9,1108,1,1,0,0,0,1,1,6
10,1109,0,1,1,0,0,1,1,7
6,1110,0,0,1,0,0,1,0,4
1,1111,1,1,0,0,1,1,0,4
2,1112,0,1,0,0,1,1,0,1
4,1113,1,1,0,1,0,1,0,3
7,1114,1,0,0,1,1,1,0,5
5,1115,0,1,0,1,1,0,0,5
8,1116,0,0,0,0,1,1,1,2
10,1117,1,1,1,0,1,0,1,5
9,1118,1,1,0,0,1,1,0,5
10,1119,0,0,1,1,0,1,1,6
1,1120,1,1,0,0,1,1,1,3
1,1121,0,0,0,1,0,0,1,1
4,1122,0,0,0,0,1,1,0,2
8,1123,0,0,0,0,0,0,1,2
10,1124,0,1,0,1,1,1,1,7
4,1125,0,1,1,0,0,0,1,5
10,1126,0,1,0,0,1,1,1,7
10,1127,0,1,0,1,0,1,0,2
5,1128,1,0,1,1,1,1,0,5
5,1129,1,0,0,1,0,1,0,2
1,1130,1,1,0,0,1,1,1,3
2,1131,1,0,0,1,0,1,1,7
5,1132,0,1,0,1,0,1,1,5
2,1133,1,1,1,0,1,1,0,4
5,1134,1,1,0,0,0,0,0,6
8,1135,0,0,1,1,1,0,0,4
10,1136,1,0,1,1,0,0,1,1
3,1137,0,0,1,1,0,0,0,2
1,1138,1,1,0,0,0,1,0,5
10,1139,1,1,1,1,1,1,0,7
5,1140,0,0,0,1,0,1,0,6
6,1141,1,0,0,1,0,1,0,5
6,1142,0,0,0,0,1,0,0,3
6,1143,1,1,1,0,1,0,0,7
10,1144,1,1,0,0,1,1,0,4
7,1145,1,1,1,1,1,1,0,4
5,1146,0,0,1,1,0,1,1,7
6,1147,1,1,1,1,0,1,0,5
6,1148,0,0,1,0,1,0,1,4
5,1149,1,0,1,0,1,0,1,3
3,1150,1,0,1,1,1,0,1,6
1,1151,1,0,0,1,1,1,1,4
1,1152,0,0,1,0,1,0,0,2
4,1153,0,0,1,0,1,1,0,2
1,1154,1,0,1,1,0,0,0,1
4,1155,0,1,1,0,0,0,1,4
4,1156,0,0,1,0,0,1,1,4
6,1157,1,1,1,0,1,0,1,2
8,1158,1,0,0,1,0,0,0,5
8,1159,1,1,1,1,0,0,0,1
8,1160,1,0,0,1,0,0,0,2
8,1161,1,1,0,1,0,1,1,7
8,1162,0,1,1,0,0,0,1,1
9,1163,0,1,0,1,0,0,1,2
1,1164,0,1,1,0,1,1,0,7
10,1165,1,1,0,0,1,0,0,6
10,1166,1,0,1,1,0,0,0,3
10,1167,1,1,0,1,1,0,1,5
7,1168,0,0,0,0,0,1,0,4
7,1169,0,1,0,0,1,0,1,6
1,1170,0,0,0,1,1,1,0,3
5,1171,0,0,0,0,1,0,0,3
2,1172,0,0,0,1,0,0,1,2
6,1173,0,1,0,0,1,1,0,6
7,1174,1,0,0,0,1,0,1,6
5,1175,0,0,0,0,1,0,0,7
9,1176,0,1,0,1,1,0,0,2
6,1177,1,0,1,0,1,1,0,2
10,1178,1,0,1,0,0,1,0,3
5,1179,1,0,1,0,1,1,1,7
1,1180,1,0,1,0,1,0,1,5
4,1181,0,0,0,0,0,1,0,6
5,1182,0,0,0,0,1,0,0,5
8,1183,1,0,1,0,1,1,0,6
8,1184,0,1,1,1,1,1,1,4
5,1185,1,0,1,0,1,0,0,3
5,1186,0,1,1,0,0,0,0,1
3,1187,1,0,0,0,0,0,0,7
8,1188,1,0,1,1,1,1,1,7
4,1189,1,0,1,0,0,1,1,7
1,1190,0,1,1,0,1,1,0,2
8,1191,1,1,1,0,0,0,0,2
3,1192,1,0,1,1,0,0,0,2
8,1193,1,1,0,0,0,1,1,4
6,1194,1,0,1,1,0,0,0,1
3,1195,0,1,0,1,0,0,1,7
9,1196,1,1,0,0,1,0,0,7
10,1197,1,0,1,0,0,0,0,2
1,1198,0,1,0,1,0,0,1,3
4,1199,1,0,1,0,1,0,0,7
7,1200,0,1,1,0,0,0,1,5
4,1201,0,1,1,1,0,1,1,3
4,1202,0,0,0,1,1,0,0,6
9,1203,1,0,0,0,1,0,1,6
4,1204,1,0,0,1,1,1,1,5
9,1205,0,1,0,0,0,0,0,1
5,1206,0,1,1,0,0,0,0,6
1,1207,0,1,0,1,0,0,0,1
10,1208,0,1,1,1,1,1,0,6
3,1209,1,1,0,0,0,1,1,6
7,1210,1,0,1,1,0,0,1,4
9,1211,0,0,0,0,0,0,0,6
3,1212,1,1,0,0,1,1,1,7
1,1213,0,1,0,1,1,1,0,2
10,1214,0,0,1,0,1,1,0,7
5,1215,0,0,0,0,0,0,0,6
8,1216,0,0,1,0,1,1,0,5
5,1217,1,1,1,1,0,1,0,5
9,1218,1,1,0,0,1,0,0,4
3,1219,0,0,0,0,0,0,0,2
8,1220,1,0,1,1,1,0,1,2
2,1221,0,1,0,1,0,1,0,1
6,1222,1,1,1,0,0,0,0,3
10,1223,0,0,1,1,1,1,0,7
1,1224,0,1,1,1,1,0,0,3
8,1225,1,1,1,0,0,0,1,7
7,1226,1,0,1,0,0,0,1,4
8,1227,1,1,0,0,1,1,1,5
2,1228,0,0,0,0,1,0,0,1
10,1229,1,0,0,1,1,1,1,2
8,1230,1,0,1,0,0,1,0,3
5,1231,1,0,0,1,1,0,1,1
7,1232,0,0,1,0,0,0,0,3
8,1233,0,1,1,1,1,0,0,4
7,1234,0,0,0,0,1,1,0,5
3,1235,0,1,0,1,1,1,0,4
4,1236,1,0,0,0,0,1,1,7
3,1237,1,0,0,1,0,0,1,7
6,1238,1,1,0,1,1,1,0,7
10,1239,1,1,0,1,1,0,1,6
1,1240,0,1,0,1,1,0,0,4
2,1241,1,1,0,0,0,1,1,5
2,1242,0,1,0,1,1,0,1,5
3,1243,0,0,1,1,1,1,0,3
10,1244,0,0,1,0,1,0,1,2
1,1245,0,0,0,0,1,1,0,6
2,1246,0,0,0,1,0,1,0,3
4,1247,0,0,1,0,0,1,0,7
10,1248,0,0,1,1,1,0,0,7
1,1249,0,1,1,1,0,0,0,3
2,1250,1,1,0,1,0,1,1,1
5,1251,0,1,0,1,0,0,1,5
7,1252,1,1,0,0,0,0,0,3
6,1253,1,1,0,0,0,0,0,1
10,1254,0,1,0,1,0,0,0,4
2,1255,0,0,0,0,0,0,1,5
7,1256,1,0,0,1,0,1,1,4
1,1257,1,1,0,0,1,1,1,3
7,1258,1,1,0,0,0,0,0,7
4,1259,0,0,0,0,1,1,0,1
7,1260,0,1,0,0,1,0,0,1
6,1261,1,0,0,0,0,1,1,7
4,1262,0,0,1,0,1,1,1,6
10,1263,1,0,1,0,0,0,0,1
1,1264,1,1,0,0,0,1,1,5
5,1265,0,0,1,0,1,1,1,6
5,1266,0,1,1,0,1,0,1,2
2,1267,0,1,0,1,0,1,0,5
3,1268,0,1,0,0,1,0,0,6
7,1269,1,1,0,1,1,1,1,4
9,1270,1,1,1,1,0,1,1,7
7,1271,0,1,1,1,0,1,1,6
9,1272,1,1,1,0,0,1,1,3
10,1273,0,0,1,0,0,0,1,7
4,1274,1,0,0,1,1,0,0,3
9,1275,0,0,0,1,0,0,0,4
4,1276,0,0,0,0,0,0,1,3
9,1277,1,1,1,1,0,0,0,3
3,1278,1,1,0,0,1,1,1,3
10,1279,1,1,1,1,0,1,0,3
2,1280,0,1,0,1,0,1,0,6
5,1281,0,1,1,1,1,1,1,3
7,1282,0,0,1,1,1,1,0,6
7,1283,1,0,0,0,1,0,0,6
7,1284,0,1,1,0,1,1,1,5
9,1285,0,1,1,1,1,1,0,4
10,1286,1,0,0,1,1,0,0,3
5,1287,0,1,0,1,0,1,1,2
8,1288,1,0,0,1,1,1,1,3
5,1289,1,1,1,1,1,0,0,5
6,1290,0,1,0,1,0,0,0,2
6,1291,1,1,0,1,0,0,1,5
1,1292,0,1,0,0,1,0,1,5
4,1293,0,0,1,0,0,0,1,4
8,1294,1,1,1,0,0,1,1,2
9,1295,0,1,0,0,1,1,0,4
5,1296,0,0,1,1,1,1,1,5
5,1297,1,0,1,0,0,1,0,2
2,1298,0,1,0,0,1,0,1,4
8,1299,0,0,1,0,0,1,1,7
2,1300,0,0,1,1,1,1,1,5
2,1301,1,0,0,1,1,1,1,2
3,1302,1,0,1,1,0,1,1,6
1,1303,0,0,1,1,1,1,0,6
7,1304,1,1,1,1,1,1,1,4
8,1305,1,1,0,1,1,0,1,5
8,1306,0,1,1,1,0,1,0,7
8,1307,0,0,1,0,0,0,0,1
5,1308,0,0,0,1,1,0,0,3
4,1309,0,1,0,1,0,0,1,7
3,1310,1,1,0,1,1,1,0,4
6,1311,1,1,1,1,0,0,0,7
2,1312,0,0,1,0,1,1,0,7
10,1313,1,1,0,1,1,1,0,6
7,1314,1,0,0,0,1,0,1,1
4,1315,1,1,1,1,1,1,1,3
5,1316,1,0,1,0,1,0,1,1
2,1317,0,0,1,1,0,0,1,1
7,1318,1,1,1,0,1,0,0,4
8,1319,1,1,1,1,1,0,0,5
1,1320,1,1,0,0,1,0,0,4
8,1321,1,1,0,0,0,0,0,3
8,1322,0,0,0,1,1,0,1,4
4,1323,0,0,0,0,1,1,0,2
10,1324,1,0,0,1,1,0,1,3
4,1325,0,1,1,0,1,1,1,2
6,1326,0,0,1,0,0,1,0,3
5,1327,0,0,0,1,0,0,0,6
4,1328,0,1,1,0,0,0,0,4
6,1329,1,1,1,0,0,1,0,4
9,1330,0,1,0,0,0,0,0,3
6,1331,1,1,0,1,1,0,1,6
1,1332,1,0,0,0,1,1,1,2
4,1333,0,0,1,0,1,1,1,2
7,1334,1,1,1,0,1,1,1,7
4,1335,1,1,1,1,0,0,1,2
4,1336,1,0,0,0,0,0,1,6
5,1337,0,1,0,1,0,1,0,7
4,1338,1,0,1,0,1,1,0,2
7,1339,1,0,0,0,1,0,0,1
2,1340,1,1,1,0,1,1,0,6
3,1341,1,0,1,0,1,1,0,3
7,1342,0,1,0,1,1,0,1,1
3,1343,0,1,1,1,1,0,1,4
3,1344,1,0,0,1,0,0,1,5
7,1345,0,1,1,1,0,1,0,2
2,1346,1,0,0,0,0,1,0,6
7,1347,1,1,1,1,1,1,0,6
9,1348,1,0,0,1,1,0,0,5
6,1349,0,1,0,1,0,0,0,2
5,1350,1,0,1,1,1,1,1,3
8,1351,1,0,1,0,0,0,1,6
1,1352,0,1,1,0,1,1,0,3
3,1353,1,0,0,1,1,1,0,7
1,1354,1,1,1,0,0,0,0,1
8,1355,1,1,1,1,0,0,0,3
1,1356,0,0,1,0,0,1,0,2
4,1357,0,0,0,1,0,0,0,5
2,1358,0,1,0,1,1,0,1,4
3,1359,0,1,1,1,0,1,0,1
8,1360,0,0,0,0,0,1,0,4
10,1361,0,1,1,0,0,0,0,7
1,1362,1,0,1,0,1,1,1,4
2,1363,0,1,0,1,1,1,1,3
6,1364,0,1,0,0,1,0,0,1
5,1365,1,1,0,0,1,0,1,5
3,1366,0,0,0,0,1,0,0,7
1,1367,1,1,1,0,1,0,1,3
7,1368,0,1,1,1,0,1,0,5
2,1369,0,0,0,1,1,1,0,7
7,1370,1,0,0,1,1,1,0,6
8,1371,1,1,0,0,1,1,0,4
4,1372,1,1,0,1,0,0,1,2
7,1373,1,1,0,1,1,1,1,6
3,1374,0,0,0,1,0,0,1,6
6,1375,0,1,1,0,1,1,1,2
9,1376,1,0,1,1,1,1,0,2
6,1377,1,0,1,1,1,1,0,7
10,1378,0,0,0,1,0,1,1,3
2,1379,1,1,0,0,1,0,0,2
8,1380,1,0,1,0,1,0,1,6
6,1381,0,0,0,1,0,1,0,3
8,1382,0,1,0,0,1,1,1,5
2,1383,1,0,0,0,1,1,0,4
4,1384,1,0,1,0,0,0,0,5
2,1385,1,0,0,0,0,0,0,4
2,1386,0,1,1,0,1,0,0,2
1,1387,1,1,0,1,0,0,0,2
4,1388,1,1,1,0,1,0,1,7
9,1389,0,0,1,1,1,1,0,4
9,1390,0,1,0,0,1,1,0,1
10,1391,0,1,0,0,0,0,0,6
8,1392,1,1,0,0,0,0,1,1
6,1393,1,1,1,1,0,1,1,4
10,1394,0,1,1,1,0,1,1,3
3,1395,1,1,0,1,1,0,1,1
4,1396,0,1,1,0,1,1,0,6
1,1397,1,1,0,0,1,0,1,1
5,1398,1,0,0,1,0,1,1,3
4,1399,1,0,1,0,0,0,0,4
2,1400,1,1,1,1,0,0,1,3
8,1401,1,1,0,0,0,0,0,1
5,1402,0,0,0,1,1,1,0,2
7,1403,1,1,0,1,0,1,0,6
6,1404,0,0,1,0,1,0,0,7
10,1405,0,0,1,0,0,0,0,5
4,1406,1,0,0,0,1,1,1,5
1,1407,0,1,0,0,1,1,0,7
10,1408,1,0,0,1,0,1,0,1
4,1409,0,1,0,1,1,0,1,5
1,1410,1,1,0,1,1,0,1,2
8,1411,1,0,0,1,1,0,0,1
3,1412,1,0,0,1,1,0,0,6
8,1413,0,1,1,1,1,1,0,2
10,1414,1,1,1,0,1,1,0,7
1,1415,1,1,0,0,1,1,1,5
3,1416,0,1,1,1,1,1,1,4
6,1417,1,0,0,1,0,0,1,5
7,1418,1,0,0,0,0,0,1,5
7,1419,1,1,1,1,1,1,0,4
4,1420,1,1,1,0,0,1,1,1
5,1421,1,0,0,0,1,0,1,5
5,1422,0,1,1,0,1,0,1,6
2,1423,0,0,1,1,0,1,1,3
5,1424,1,1,0,1,0,1,1,3
7,1425,0,0,1,0,1,1,1,4
8,1426,0,1,0,1,1,1,1,6
9,1427,0,0,0,0,0,1,1,4
2,1428,1,1,1,1,1,0,1,7
9,1429,1,1,0,1,0,1,0,3
2,1430,0,1,0,1,0,1,0,3
3,1431,1,1,1,0,0,0,1,6
6,1432,0,1,1,0,0,1,1,5
2,1433,1,0,1,0,1,1,1,1
8,1434,0,1,0,0,1,1,0,2
4,1435,1,0,0,1,1,0,0,3
4,1436,0,0,0,1,1,1,0,5
7,1437,0,1,1,0,0,1,1,2
2,1438,1,1,0,0,1,1,0,5
9,1439,0,1,0,0,0,0,0,7
5,1440,1,0,0,0,0,1,1,4
1,1441,1,0,0,0,0,0,0,6
8,1442,0,0,0,1,1,0,0,5
3,1443,0,1,1,0,1,0,0,2
8,1444,1,0,0,1,1,1,0,2
8,1445,0,0,0,0,1,0,1,4
7,1446,1,1,1,0,0,0,1,4
1,1447,1,1,0,0,0,0,0,6
2,1448,0,1,0,0,1,0,1,5
1,1449,0,1,0,1,1,1,1,7
3,1450,1,0,1,1,1,0,0,3
2,1451,0,0,0,1,1,0,1,1
6,1452,1,0,1,1,1,0,1,7
2,1453,0,1,0,1,1,1,0,3
9,1454,1,0,0,1,0,0,1,5
2,1455,0,1,0,0,1,0,0,4
8,1456,0,0,1,1,0,0,1,5
4,1457,1,0,0,1,0,1,1,4
8,1458,0,1,1,0,1,1,1,5
3,1459,0,0,0,0,0,0,1,7
6,1460,0,0,0,1,1,0,0,7
4,1461,1,1,1,0,0,1,0,3
4,1462,0,1,0,1,0,1,1,6
8,1463,0,0,1,0,0,1,0,6
9,1464,1,0,0,0,0,0,0,1
1,1465,0,0,1,0,1,1,1,7
2,1466,0,0,0,0,1,1,1,5
10,1467,1,1,0,1,0,0,1,3
2,1468,1,1,0,0,1,1,1,5
2,1469,1,1,0,0,1,0,0,3
3,1470,0,1,1,1,1,1,1,6
2,1471,0,1,0,1,0,0,0,3
8,1472,1,0,1,1,0,1,0,4
8,1473,0,1,1,0,1,0,1,2
6,1474,1,1,1,1,1,1,1,6
4,1475,1,0,0,0,1,1,1,3
5,1476,0,1,1,0,0,1,0,2
3,1477,1,1,0,1,0,1,0,6
7,1478,1,0,1,1,1,1,0,2
10,1479,1,1,1,0,1,0,1,1
10,1480,0,0,1,1,1,0,0,6
7,1481,0,0,1,1,0,1,0,6
1,1482,0,1,0,1,1,1,1,3
3,1483,0,0,1,1,1,0,0,7
4,1484,1,0,0,1,1,1,1,5
8,1485,0,0,0,0,0,0,1,6
10,1486,0,1,0,0,0,1,1,5
5,1487,0,0,0,1,0,0,1,6
10,1488,1,1,1,0,1,0,1,3
8,1489,1,1,1,1,0,0,0,4
7,1490,1,1,0,1,1,0,0,7
6,1491,1,1,1,1,0,0,1,6
3,1492,1,1,0,0,1,1,0,2
10,1493,0,0,1,0,0,0,0,5
7,1494,0,0,0,0,0,0,1,4
8,1495,1,1,1,0,0,1,1,3
3,1496,0,0,1,0,0,0,1,7
8,1497,0,0,1,0,0,1,1,2
10,1498,0,0,0,0,0,1,0,1
3,1499,0,0,0,0,0,0,1,3
7,1500,1,1,0,1,1,1,0,4
9,1501,0,1,1,0,0,1,1,7
1,1502,1,0,1,0,0,1,1,5
5,1503,0,1,1,0,1,0,1,1
6,1504,0,1,0,0,1,1,0,4
5,1505,1,0,1,0,1,0,1,3
5,1506,1,1,0,0,0,0,0,2
9,1507,0,0,0,1,1,1,0,7
9,1508,1,1,1,0,1,1,0,2
9,1509,1,0,0,0,1,1,1,1
1,1510,0,0,0,0,0,1,0,2
4,1511,0,0,0,1,1,0,1,4
5,1512,0,0,1,0,1,0,0,2
2,1513,0,0,0,1,1,0,1,4
5,1514,1,1,1,0,1,1,1,6
2,1515,0,1,0,0,1,0,1,2
1,1516,1,0,1,1,0,1,1,6
7,1517,0,1,0,0,1,0,1,1
8,1518,1,1,1,1,1,1,1,2
10,1519,1,0,0,0,1,0,1,7
7,1520,0,1,1,0,1,1,1,1
2,1521,0,0,0,1,0,1,1,2
6,1522,0,1,0,1,1,0,1,5
1,1523,1,0,1,0,1,1,0,3
4,1524,1,0,0,1,0,1,0,1
2,1525,1,0,0,1,1,0,0,5
1,1526,0,1,0,1,0,0,1,6
10,1527,0,0,1,0,0,1,0,2
1,1528,0,1,1,1,1,1,1,2
3,1529,1,1,0,1,1,0,0,7
8,1530,0,1,0,1,1,1,0,3
10,1531,1,0,0,1,1,1,0,2
5,1532,0,1,0,0,1,0,1,4
4,1533,0,1,0,0,1,1,0,4
9,1534,0,0,0,1,0,1,0,4
3,1535,0,0,1,1,0,1,0,2
2,1536,0,1,0,0,1,1,0,4
1,1537,0,0,1,1,0,1,1,3
6,1538,1,0,1,0,1,1,0,2
1,1539,1,1,0,0,1,0,1,5
2,1540,0,0,0,1,0,1,1,1
9,1541,1,0,1,0,1,0,1,2
1,1542,0,0,0,0,1,0,1,1
9,1543,1,1,1,0,0,1,0,3
8,1544,1,0,1,0,1,1,0,4
7,1545,0,1,0,1,0,1,0,4
5,1546,0,1,1,0,0,1,0,4
1,1547,1,0,0,1,0,1,1,6
4,1548,1,0,0,1,0,1,1,3
9,1549,0,1,0,1,0,1,0,2
5,1550,1,0,1,0,0,0,0,1
10,1551,1,0,0,1,0,0,0,7
3,1552,0,1,0,0,0,0,0,2
8,1553,0,0,1,1,0,0,1,2
2,1554,0,0,0,1,1,1,0,3
7,1555,0,1,1,0,1,1,0,5
10,1556,0,0,1,0,1,1,1,1
6,1557,0,1,1,0,1,0,1,3
8,1558,1,1,1,0,0,0,1,7
1,1559,1,1,0,1,0,0,1,2
4,1560,0,0,1,0,0,0,0,1
8,1561,0,1,0,1,0,0,0,1
6,1562,1,0,0,0,0,0,0,2
2,1563,0,1,1,0,1,0,0,4
3,1564,0,0,1,0,1,1,1,1
5,1565,1,1,1,1,0,1,0,6
3,1566,0,0,0,0,1,0,0,1
3,1567,0,1,1,1,0,1,1,2
10,1568,1,0,0,0,0,0,0,4
8,1569,0,0,0,1,1,0,0,2
9,1570,0,0,1,1,0,0,0,1
2,1571,0,0,0,0,1,0,0,5
9,1572,1,0,0,0,0,0,1,6
9,1573,1,1,1,0,0,1,0,5
5,1574,0,1,1,0,1,0,0,1
6,1575,0,1,1,1,1,0,0,4
1,1576,0,0,1,1,1,0,0,5
1,1577,1,1,0,0,1,0,0,7
9,1578,1,0,1,0,0,0,0,3
10,1579,0,1,0,1,1,0,0,6
8,1580,1,1,1,1,1,0,0,7
8,1581,0,1,0,0,0,0,1,3
10,1582,0,0,0,1,1,1,1,5
1,1583,0,0,1,0,0,1,1,4
1,1584,0,1,0,0,1,1,1,3
1,1585,0,0,1,0,0,1,0,2
7,1586,1,0,1,0,0,0,1,1
1,1587,1,0,0,0,1,0,0,2
8,1588,1,1,0,1,0,0,1,7
1,1589,1,0,0,0,0,0,1,3
8,1590,1,0,0,1,1,0,0,1
9,1591,1,0,1,1,0,1,0,3
6,1592,1,1,1,1,1,0,1,3
9,1593,1,0,1,0,0,0,0,2
6,1594,1,1,0,0,0,0,1,2
2,1595,0,1,1,1,1,1,0,7
2,1596,1,0,1,0,1,1,1,2
5,1597,0,0,1,1,1,1,1,1
7,1598,0,0,1,1,0,1,0,2
4,1599,1,1,1,0,1,1,1,5
5,1600,0,1,0,0,1,1,1,4
3,1601,0,0,0,0,0,1,1,5
5,1602,1,1,1,1,0,0,1,4
7,1603,0,1,0,0,0,0,1,7
5,1604,0,1,1,0,0,0,0,1
1,1605,0,0,0,1,1,0,1,2
4,1606,0,0,0,1,1,1,1,6
1,1607,0,0,0,0,1,0,0,3
10,1608,0,1,1,1,1,0,1,3
7,1609,0,1,1,0,0,1,1,6
1,1610,1,1,0,0,0,1,1,6
3,1611,1,0,1,1,1,1,0,4
9,1612,0,1,1,0,0,1,1,1
7,1613,1,1,0,1,1,0,0,3
6,1614,0,1,1,0,0,1,1,1
1,1615,0,0,1,0,1,0,0,6
4,1616,0,0,1,1,1,1,1,5
7,1617,0,1,1,1,0,0,0,4
7,1618,0,1,0,0,0,1,1,2
9,1619,1,1,0,1,0,1,0,6
8,1620,1,1,0,1,1,0,0,2
3,1621,1,1,1,1,0,1,0,1
7,1622,1,1,1,1,1,1,0,3
9,1623,0,1,1,0,1,0,1,4
4,1624,1,1,1,0,1,1,1,5
3,1625,0,0,0,0,1,1,1,3
1,1626,1,1,0,1,0,0,0,2
1,1627,1,0,1,0,1,1,0,4
10,1628,0,1,0,1,1,1,0,3
3,1629,1,0,1,1,1,0,1,5
2,1630,1,0,1,1,0,0,0,3
9,1631,1,1,1,1,0,1,0,6
7,1632,1,1,1,1,0,0,0,5
4,1633,1,1,1,1,0,0,1,6
3,1634,1,1,0,1,0,1,0,1
10,1635,1,1,1,1,0,0,1,7
6,1636,0,1,1,0,1,0,0,6
5,1637,0,0,0,0,1,1,0,3
2,1638,1,1,1,0,1,1,0,5
9,1639,0,0,0,0,0,1,1,1
4,1640,0,0,1,1,1,1,0,4
5,1641,1,1,0,1,0,0,0,7
5,1642,1,1,1,0,0,0,0,7
8,1643,0,0,1,1,1,0,1,6
3,1644,1,1,0,1,0,0,0,7
3,1645,0,1,1,1,1,1,1,7
10,1646,1,1,0,0,0,0,0,7
6,1647,1,1,0,0,1,1,0,4
2,1648,0,0,1,0,1,1,0,1
4,1649,1,0,0,0,1,1,0,4
10,1650,0,0,0,0,1,0,1,4
3,1651,1,0,0,1,1,1,1,4
2,1652,0,1,0,0,0,0,1,1
8,1653,1,1,0,1,0,1,1,2
10,1654,1,1,1,1,1,1,1,5
9,1655,0,0,0,0,0,1,0,4
5,1656,1,1,1,1,1,1,1,2
6,1657,0,0,1,1,0,1,1,5
2,1658,1,0,0,1,1,1,0,5
1,1659,0,0,1,1,1,1,1,7
7,1660,1,0,0,0,0,0,0,4
3,1661,1,0,1,0,1,1,0,3
10,1662,1,1,1,1,1,1,1,2
10,1663,1,1,1,0,1,1,1,1
1,1664,1,1,1,1,0,0,0,1
9,1665,0,0,0,0,1,0,1,5
1,1666,0,1,1,1,0,1,0,4
7,1667,0,0,1,0,0,0,0,3
2,1668,1,0,0,0,1,1,1,4
10,1669,1,1,0,0,0,1,1,2
9,1670,0,0,1,1,1,0,0,7
7,1671,1,1,1,1,0,1,0,4
3,1672,1,1,1,0,1,1,0,3
6,1673,1,0,1,1,1,0,1,7
4,1674,0,1,0,1,0,1,0,2
2,1675,1,1,1,1,1,1,1,1
5,1676,0,0,1,0,1,1,0,5
7,1677,0,0,1,1,0,1,0,5
2,1678,1,0,0,1,0,0,1,1
3,1679,1,0,0,1,1,1,0,6
9,1680,0,1,0,0,1,1,1,1
1,1681,0,0,1,0,0,1,1,7
4,1682,1,1,0,0,0,1,0,5
10,1683,0,1,0,1,0,1,1,7
10,1684,1,1,1,0,1,1,1,1
3,1685,0,1,1,0,0,1,1,3
6,1686,0,1,0,1,0,0,1,6
10,1687,1,1,0,1,1,0,0,2
6,1688,1,0,1,0,1,0,1,1
8,1689,0,0,1,1,1,0,0,6
2,1690,1,0,1,1,0,0,1,5
6,1691,0,1,0,1,1,1,0,2
8,1692,0,0,0,0,0,0,1,4
7,1693,0,1,1,0,1,1,1,3
10,1694,1,0,1,0,0,1,0,1
1,1695,0,0,1,1,0,0,0,1
7,1696,1,0,1,0,0,1,0,5
5,1697,1,1,1,0,0,1,1,5
10,1698,0,0,1,1,0,0,1,1
5,1699,1,1,0,0,1,0,0,7
10,1700,0,1,1,0,0,0,1,5
4,1701,1,0,0,1,1,1,0,2
5,1702,1,1,0,0,0,0,1,5
7,1703,1,0,0,1,1,1,1,2
5,1704,1,1,1,1,1,1,1,1
6,1705,1,1,0,0,0,1,1,5
4,1706,0,1,0,0,0,1,0,2
9,1707,0,0,1,0,0,1,1,5
9,1708,0,0,1,0,0,0,1,4
5,1709,0,0,0,1,0,1,0,6
7,1710,0,0,1,0,0,0,0,5
8,1711,0,0,0,0,0,0,1,4
8,1712,1,0,0,1,1,1,0,3
1,1713,1,0,1,0,0,1,1,6
1,1714,0,0,0,1,1,0,0,4
3,1715,0,0,1,1,1,1,1,3
8,1716,1,1,0,0,0,0,0,5
4,1717,0,0,1,0,0,0,0,3
1,1718,1,0,0,0,1,1,0,4
8,1719,0,1,1,1,0,1,0,2
8,1720,1,0,1,1,0,0,0,6
9,1721,1,0,1,1,1,1,0,6
8,1722,0,1,1,1,0,1,1,7
1,1723,1,1,0,1,1,0,1,2
2,1724,1,1,1,1,1,1,0,6
9,1725,1,0,0,1,0,0,1,4
5,1726,0,1,0,0,1,1,1,4
9,1727,0,1,1,1,1,0,1,2
5,1728,0,1,1,1,1,0,0,2
3,1729,1,1,0,0,0,1,0,6
1,1730,1,1,1,1,0,1,1,1
3,1731,0,1,1,0,0,0,0,1
1,1732,1,1,0,0,0,1,1,1
9,1733,0,1,0,0,1,1,1,2
5,1734,0,1,0,1,0,1,0,6
7,1735,1,1,0,0,0,1,0,5
5,1736,0,1,1,1,0,0,1,7
4,1737,0,0,0,0,0,1,0,7
9,1738,1,1,1,0,0,1,0,5
3,1739,0,1,1,0,0,1,1,1
3,1740,1,1,0,1,1,0,0,7
3,1741,0,1,0,0,0,0,0,4
6,1742,0,0,1,1,0,1,1,4
9,1743,0,0,0,0,1,0,0,5
5,1744,0,1,0,0,1,0,0,2
5,1745,0,1,1,1,0,1,0,7
5,1746,0,1,0,1,1,0,0,7
5,1747,1,1,1,1,1,1,0,4
4,1748,1,0,1,0,0,1,1,3
1,1749,1,1,1,0,1,1,0,6
8,1750,1,1,0,1,0,0,1,6
1,1751,0,1,1,1,0,0,0,3
3,1752,0,0,1,1,1,0,0,2
10,1753,1,1,1,0,0,0,0,3
6,1754,1,1,1,0,0,1,1,2
7,1755,1,1,1,1,0,1,1,4
7,1756,1,1,1,0,0,1,0,4
3,1757,1,1,1,0,1,1,1,6
1,1758,0,1,1,1,1,0,1,4
7,1759,1,1,1,1,1,0,1,7
7,1760,1,0,1,0,1,1,1,4
1,1761,1,1,1,1,0,1,1,5
6,1762,1,1,1,1,0,1,0,3
4,1763,0,0,1,1,0,1,0,1
5,1764,0,1,1,0,0,0,1,7
8,1765,1,0,1,1,0,0,1,7
10,1766,1,0,0,1,0,1,1,6
1,1767,0,0,0,1,1,0,0,4
1,1768,0,1,1,0,1,1,1,1
1,1769,1,1,0,0,0,0,0,4
2,1770,0,0,1,1,0,1,0,1
5,1771,0,0,0,0,1,0,1,4
3,1772,0,1,0,0,1,0,0,5
3,1773,0,1,1,1,1,1,1,1
5,1774,1,1,0,1,1,0,1,1
1,1775,0,0,1,1,0,0,1,4
10,1776,0,0,1,0,0,1,1,6
9,1777,1,0,1,1,1,0,0,3
10,1778,0,1,0,0,1,0,0,4
2,1779,0,0,1,0,0,0,0,3
9,1780,0,0,1,1,1,0,1,1
9,1781,1,1,0,0,0,0,0,3
5,1782,1,0,1,1,1,1,1,3
8,1783,1,1,1,1,0,1,1,1
1,1784,1,1,1,0,0,0,0,3
6,1785,1,0,0,0,0,0,0,2
3,1786,0,0,1,1,0,0,0,7
4,1787,0,1,1,0,1,1,0,5
7,1788,1,0,0,0,0,1,0,3
7,1789,1,1,1,1,0,0,1,2
3,1790,1,0,0,1,0,0,0,1
5,1791,0,0,0,1,1,0,1,1
6,1792,1,1,1,1,1,1,1,4
1,1793,1,0,0,1,1,0,0,6
1,1794,1,0,1,0,0,0,1,1
9,1795,0,1,0,1,1,1,1,4
5,1796,0,1,1,1,1,1,0,5
6,1797,1,0,0,1,0,1,0,5
10,1798,1,0,1,0,0,1,0,7
3,1799,0,1,1,0,1,0,0,7
6,1800,0,0,0,1,1,0,1,5
7,1801,0,0,1,1,1,1,1,1
7,1802,0,0,1,0,0,1,1,3
7,1803,0,1,1,1,1,0,0,5
7,1804,1,0,0,0,0,0,0,2
4,1805,0,0,0,0,0,0,1,3
1,1806,0,1,0,0,1,0,0,3
6,1807,1,0,1,1,0,0,1,7
5,1808,1,1,0,1,0,1,0,2
9,1809,0,0,0,1,0,0,1,3
3,1810,0,1,1,0,1,1,0,5
2,1811,0,0,0,0,1,1,1,4
4,1812,0,0,0,0,1,0,0,5
1,1813,0,1,0,0,1,1,0,6
3,1814,0,0,1,0,0,0,0,6
9,1815,1,0,1,0,1,0,0,2
4,1816,1,0,0,1,1,1,0,6
5,1817,0,0,0,0,0,0,1,5
2,1818,1,1,1,0,0,1,1,2
9,1819,0,1,1,0,1,0,1,1
9,1820,0,1,1,0,1,0,0,1
1,1821,1,1,1,0,1,0,0,1
8,1822,1,0,0,1,1,1,0,4
3,1823,1,0,0,1,1,0,0,5
10,1824,1,1,0,0,0,1,1,2
3,1825,0,0,1,0,1,1,1,2
7,1826,0,1,1,0,1,0,1,7
8,1827,1,0,0,1,1,0,0,2
2,1828,1,1,1,0,0,1,1,1
3,1829,1,1,1,1,0,1,0,1
5,1830,0,0,0,0,0,1,0,7
6,1831,1,1,0,0,0,1,1,5
7,1832,1,1,0,0,0,0,0,4
3,1833,0,0,0,0,0,1,0,4
4,1834,0,0,0,1,0,0,0,2
1,1835,0,0,0,1,1,0,0,5
2,1836,0,1,0,0,0,0,1,5
9,1837,1,0,0,0,0,0,0,2
6,1838,1,1,0,0,1,1,0,6
2,1839,1,0,1,0,1,0,1,5
2,1840,0,0,1,0,1,1,1,1
6,1841,0,1,1,1,1,0,1,7
2,1842,0,0,0,0,1,0,0,5
9,1843,0,1,1,0,0,1,1,1
3,1844,0,0,1,0,1,0,1,5
2,1845,0,0,0,1,0,1,1,7
7,1846,0,1,1,0,1,1,0,5
5,1847,1,0,0,0,1,0,1,5
1,1848,1,0,0,1,1,1,0,1
1,1849,1,0,0,1,0,1,0,2
7,1850,1,0,0,1,1,0,1,3
3,1851,0,0,1,0,0,0,0,1
5,1852,0,0,0,1,0,0,1,2
3,1853,0,0,0,0,1,1,1,5
2,1854,1,1,0,1,0,0,1,5
2,1855,1,0,0,1,0,1,1,7
3,1856,1,1,0,1,1,1,1,5
6,1857,0,1,1,1,1,0,1,3
4,1858,0,0,0,0,1,0,0,1
5,1859,0,0,1,1,1,1,1,1
9,1860,1,1,1,1,1,1,1,7
1,1861,0,0,0,0,0,1,0,6
8,1862,1,0,0,1,1,0,1,5
9,1863,0,0,1,1,1,0,0,1
6,1864,1,0,1,0,1,0,0,1
6,1865,0,0,0,0,0,1,1,4
3,1866,0,1,0,1,0,1,0,4
7,1867,1,1,1,0,1,0,1,3
7,1868,1,1,0,0,0,1,1,4
4,1869,1,1,1,0,0,0,0,1
4,1870,0,0,0,1,0,0,0,5
2,1871,1,1,1,1,0,0,0,4
5,1872,0,0,1,1,1,0,1,3
5,1873,0,0,1,0,0,0,1,5
4,1874,0,1,1,0,1,0,0,4
3,1875,1,0,1,1,0,1,1,7
1,1876,1,0,0,1,1,1,0,2
1,1877,1,1,0,0,0,0,1,5
1,1878,0,0,1,1,0,1,1,5
1,1879,0,1,1,0,1,1,1,6
10,1880,1,1,0,1,0,0,0,5
8,1881,0,0,1,0,0,1,0,4
2,1882,1,0,0,1,1,1,0,6
5,1883,0,1,0,0,1,1,0,5
5,1884,0,1,0,1,0,1,1,3
5,1885,0,0,1,1,0,1,0,6
1,1886,1,0,1,1,1,0,0,4
9,1887,1,0,0,1,0,1,1,4
1,1888,0,1,1,0,1,0,0,2
1,1889,0,1,1,1,1,1,0,2
10,1890,1,0,0,1,1,1,1,1
8,1891,0,0,0,0,1,0,0,7
5,1892,1,0,0,1,0,0,1,4
3,1893,1,0,0,1,0,0,0,2
10,1894,1,1,1,1,1,0,1,1
5,1895,1,0,0,0,0,1,1,2
1,1896,1,1,0,0,1,0,0,1
5,1897,1,1,1,1,1,0,0,6
3,1898,1,1,1,0,1,0,0,6
6,1899,0,1,1,1,0,1,1,5
7,1900,0,1,0,1,0,0,1,1
10,1901,1,0,1,1,1,0,1,3
9,1902,1,1,1,1,1,0,0,3
7,1903,0,1,1,0,1,1,1,1
7,1904,0,1,0,1,0,1,1,4
1,1905,0,0,0,1,0,0,1,6
9,1906,1,0,1,1,0,1,1,2
7,1907,1,1,1,1,0,0,0,3
5,1908,0,1,1,1,0,1,1,4
2,1909,0,0,1,1,0,1,1,1
1,1910,1,1,1,1,0,1,1,4
10,1911,0,1,0,1,0,0,1,1
10,1912,1,1,0,0,0,1,0,4
2,1913,1,0,0,0,1,0,0,7
1,1914,1,1,0,1,1,0,0,4
8,1915,1,1,1,0,0,0,0,1
10,1916,0,0,0,0,0,1,0,5
10,1917,0,0,1,1,1,1,1,7
7,1918,1,0,0,0,1,0,0,7
5,1919,0,0,0,1,0,1,0,2
3,1920,1,1,0,1,1,0,1,1
8,1921,1,1,0,0,1,0,0,7
2,1922,1,1,0,1,0,0,0,7
7,1923,0,1,1,0,0,1,1,3
1,1924,0,1,0,0,1,0,1,2
6,1925,0,0,1,1,0,0,1,3
5,1926,0,1,1,0,0,0,1,3
9,1927,1,1,1,1,1,0,1,6
5,1928,0,0,0,0,0,0,1,2
8,1929,0,0,1,0,0,1,0,3
7,1930,1,0,1,1,0,1,0,5
8,1931,0,0,0,0,1,0,0,5
5,1932,0,1,0,0,1,0,1,3
9,1933,0,1,1,0,0,1,0,1
1,1934,1,0,1,0,1,0,0,4
7,1935,1,1,1,1,1,1,1,3
9,1936,0,1,0,1,0,0,1,7
10,1937,1,0,0,0,1,1,1,1
2,1938,1,0,0,1,0,1,1,1
9,1939,1,1,1,0,1,0,1,3
10,1940,1,0,1,0,0,0,0,2
10,1941,1,0,0,1,1,0,1,4
4,1942,0,1,0,1,1,0,0,7
7,1943,1,1,1,1,1,1,1,5
9,1944,1,1,1,1,1,1,1,3
2,1945,0,1,1,0,1,0,0,6
5,1946,0,0,1,1,0,1,0,4
2,1947,0,0,0,0,1,1,1,7
8,1948,1,0,0,1,0,0,1,3
6,1949,1,1,1,0,0,0,1,1
5,1950,0,0,1,1,1,0,0,5
6,1951,0,1,0,1,1,0,0,5
7,1952,0,1,0,0,0,0,1,1
10,1953,1,0,0,1,0,0,0,6
9,1954,0,0,1,1,0,1,0,1
3,1955,0,1,0,0,0,1,0,3
7,1956,1,1,1,1,1,1,0,5
9,1957,1,1,1,1,1,1,1,1
8,1958,1,0,0,1,0,1,0,2
9,1959,0,0,1,0,0,1,1,5
2,1960,1,0,1,0,1,1,1,1
10,1961,1,1,1,1,0,0,0,3
1,1962,1,0,1,0,1,1,0,5
10,1963,0,0,1,1,1,0,0,6
6,1964,0,0,1,0,0,0,0,6
5,1965,1,1,1,1,0,1,0,3
7,1966,0,1,0,1,1,0,0,7
10,1967,1,1,1,1,0,1,0,2
5,1968,1,0,0,0,1,1,1,2
7,1969,1,0,1,0,1,0,1,2
1,1970,1,1,1,1,0,0,1,1
8,1971,1,0,0,1,0,0,0,6
10,1972,1,1,1,0,0,1,1,4
3,1973,1,0,1,0,1,1,1,5
2,1974,0,1,1,0,0,0,0,1
1,1975,0,1,1,1,1,0,0,1
10,1976,0,1,0,1,0,1,0,1
5,1977,1,0,1,0,0,1,1,6
4,1978,0,0,0,0,1,0,1,7
6,1979,1,1,0,0,1,1,1,3
6,1980,0,1,1,1,0,1,0,2
10,1981,1,0,1,1,1,1,0,3
8,1982,1,0,1,0,0,0,0,7
6,1983,1,1,1,1,1,1,1,1
10,1984,0,0,1,1,0,0,1,7
7,1985,1,0,0,0,1,0,1,1
1,1986,0,1,0,1,0,0,1,3
7,1987,1,1,1,1,1,1,1,6
5,1988,0,0,1,1,1,1,1,2
10,1989,1,1,0,0,0,0,0,5
6,1990,0,1,0,1,0,0,0,4
1,1991,0,0,0,0,0,0,0,1
3,1992,0,0,0,1,1,1,1,1
2,1993,1,0,0,0,0,0,1,7
10,1994,0,0,0,1,1,0,1,6
4,1995,0,1,1,1,1,1,1,3
5,1996,1,1,0,1,1,0,1,3
5,1997,1,1,0,1,1,1,0,4
6,1998,0,1,0,1,1,0,1,5
6,1999,0,0,1,0,0,0,1,7
2,2000,1,0,1,1,0,0,0,7
9,2001,1,1,1,1,0,0,1,6
6,2002,1,0,0,0,0,1,0,7
1,2003,0,0,1,1,0,0,1,5
5,2004,0,0,1,1,0,1,0,3
1,2005,1,0,1,1,0,0,0,3
9,2006,1,0,0,1,0,0,1,6
6,2007,1,1,0,1,0,0,0,5
1,2008,1,0,0,1,0,0,0,5
9,2009,1,0,1,0,1,0,1,6
7,2010,0,1,0,1,1,1,0,5
2,2011,0,1,0,1,0,1,1,4
3,2012,1,1,1,1,1,0,0,3
10,2013,0,1,1,1,1,1,1,4
5,2014,1,1,0,1,1,0,1,5
2,2015,1,1,0,0,1,1,0,5
10,2016,0,0,1,0,1,1,0,2
1,2017,0,0,1,1,0,1,1,5
4,2018,1,0,1,0,1,1,1,4
6,2019,1,1,1,0,1,1,1,4
3,2020,0,1,1,0,1,1,1,6
5,2021,0,0,0,1,0,1,1,6
5,2022,1,0,0,0,0,0,1,2
10,2023,0,0,1,0,0,0,1,4
2,2024,0,0,1,1,1,0,0,6
7,2025,1,0,1,0,1,0,1,5
8,2026,1,1,1,1,1,0,1,5
2,2027,0,0,1,1,0,1,0,4
3,2028,1,1,0,0,1,1,1,2
8,2029,0,1,1,1,1,1,0,7
2,2030,1,0,1,1,0,1,0,6
6,2031,0,0,0,0,1,0,1,5
8,2032,0,1,1,0,0,1,0,7
10,2033,1,0,0,1,1,1,1,7
10,2034,1,0,0,0,1,0,1,1
8,2035,1,1,0,0,1,1,0,2
3,2036,1,1,1,1,1,0,0,3
10,2037,0,0,1,1,0,1,0,6
5,2038,0,1,0,1,0,1,1,2
4,2039,0,0,1,0,1,1,1,1
2,2040,1,1,0,1,1,0,0,7
5,2041,0,1,1,0,0,0,0,2
2,2042,0,1,0,0,1,0,1,5
9,2043,0,0,1,1,1,1,1,7
10,2044,1,1,0,1,0,1,1,3
9,2045,0,1,0,1,0,0,1,6
9,2046,1,0,1,1,1,0,0,7
7,2047,1,0,1,0,0,0,0,3
1,2048,1,1,0,0,1,0,0,7
5,2049,0,0,1,0,0,1,1,3
9,2050,1,0,1,1,1,0,0,5
4,2051,0,0,0,1,0,0,0,5
6,2052,1,1,1,0,0,0,0,5
7,2053,1,0,1,1,1,0,0,1
4,2054,0,0,0,1,0,0,1,3
4,2055,1,0,0,1,1,1,1,4
4,2056,1,1,1,1,1,1,0,7
2,2057,1,1,1,1,1,0,0,7
5,2058,0,1,1,0,0,0,0,4
6,2059,1,0,0,0,1,1,1,6
1,2060,0,0,0,1,0,1,0,2
10,2061,0,0,0,0,0,1,0,5
8,2062,1,0,1,0,0,1,0,5
6,2063,1,0,1,1,0,1,0,2
6,2064,0,0,0,1,1,1,0,5
5,2065,0,0,1,0,0,1,1,3
5,2066,0,0,0,0,0,1,1,7
8,2067,1,1,0,1,0,1,1,6
3,2068,0,1,0,0,0,0,1,4
5,2069,0,0,1,1,1,1,0,6
2,2070,0,1,0,0,1,0,1,7
2,2071,1,1,0,1,1,1,0,1
8,2072,1,0,1,1,1,0,1,5
4,2073,0,1,0,0,1,0,1,7
6,2074,0,0,1,1,1,1,1,2
4,2075,1,1,1,1,1,0,0,3
9,2076,1,0,1,0,0,0,1,5
10,2077,1,1,1,1,1,0,1,5
10,2078,1,0,0,0,1,1,0,1
8,2079,1,0,1,0,0,0,0,5
7,2080,0,0,0,1,1,1,0,1
4,2081,1,1,0,0,0,0,0,4
4,2082,1,0,1,1,0,0,1,4
6,2083,1,0,0,1,0,1,0,6
4,2084,0,1,1,0,0,1,1,1
8,2085,0,0,0,0,1,0,1,5
7,2086,1,0,0,1,0,0,0,4
1,2087,0,1,1,1,0,0,0,1
2,2088,1,1,1,1,1,1,0,5
5,2089,0,0,1,0,0,1,1,5
8,2090,1,0,1,1,1,1,1,3
9,2091,1,0,0,0,0,1,0,3
4,2092,1,1,0,1,1,0,0,4
9,2093,1,1,0,0,1,0,1,7
10,2094,0,1,1,1,0,0,1,4
10,2095,1,0,0,0,1,1,1,5
10,2096,1,1,1,1,1,1,1,7
9,2097,0,1,0,1,1,0,1,6
3,2098,1,1,0,0,0,0,0,1
10,2099,1,0,1,1,1,1,1,2
